{"mc":{
	"gaijiaofanDown":{
		"frameRate":25,
		"events":[
			
			],
		"frames":[
			
			{
			"res":"35F19D10",
			"x":-51,
			"y":-750
			},
			{
			"res":"9E51553D",
			"x":-51,
			"y":-723
			},
			{
			"res":"E5FE2899",
			"x":-51,
			"y":-697
			},
			{
			"res":"9E51553D",
			"x":-51,
			"y":-674
			},
			{
			"res":"54EFA923",
			"x":-51,
			"y":-652
			},
			{
			"res":"9E51553D",
			"x":-51,
			"y":-632
			},
			{
			"res":"DF350EFB",
			"x":-51,
			"y":-613
			},
			{
			"res":"A25DE8FB",
			"x":-51,
			"y":-597
			},
			{
			"res":"EEB6C976",
			"x":-51,
			"y":-582
			},
			{
			"res":"B99FB91A",
			"x":-51,
			"y":-569
			},
			{
			"res":"1C8D0A10",
			"x":-51,
			"y":-557
			},
			{
			"res":"D862612D",
			"x":-52,
			"y":-547
			},
			{
			"res":"98AD0942",
			"x":-52,
			"y":-540
			},
			{
			"res":"99BDED63",
			"x":-52,
			"y":-533
			},
			{
			"res":"CBA4D3",
			"x":-52,
			"y":-529
			},
			{
			"res":"5A84C0FA",
			"x":-52,
			"y":-526
			},
			{
			"res":"82F8A4DC",
			"x":-52,
			"y":-526
			},
			{
			"res":"B81D852E",
			"x":-52,
			"y":-526
			},
			{
			"res":"CE19CEE",
			"x":-52,
			"y":-526
			},
			{
			"res":"B9CD6CC4",
			"x":-52,
			"y":-526
			},
			{
			"res":"901B95C9",
			"x":-52,
			"y":-526,
			"duration":9
			},
			{
			"res":"C816F537",
			"x":-52,
			"y":-526,
			"duration":25
			}
			]
}},
	"res":{
		"A25DE8FB":{"x":0,"y":1059,"w":102,"h":528},
		"54EFA923":{"x":104,"y":1060,"w":101,"h":528},
		"D862612D":{"x":0,"y":530,"w":103,"h":527},
		"5A84C0FA":{"x":530,"y":0,"w":104,"h":527},
		"901B95C9":{"x":636,"y":0,"w":104,"h":527},
		"1C8D0A10":{"x":105,"y":530,"w":102,"h":528},
		"98AD0942":{"x":424,"y":529,"w":103,"h":528},
		"B99FB91A":{"x":313,"y":530,"w":102,"h":528},
		"CBA4D3":{"x":742,"y":0,"w":104,"h":527},
		"99BDED63":{"x":848,"y":0,"w":104,"h":527},
		"E5FE2899":{"x":529,"y":529,"w":101,"h":528},
		"35F19D10":{"x":632,"y":529,"w":101,"h":528},
		"9E51553D":{"x":735,"y":529,"w":101,"h":528},
		"DF350EFB":{"x":838,"y":529,"w":101,"h":528},
		"EEB6C976":{"x":209,"y":530,"w":102,"h":528},
		"B9CD6CC4":{"x":424,"y":0,"w":104,"h":527},
		"C816F537":{"x":0,"y":0,"w":104,"h":528},
		"B81D852E":{"x":106,"y":0,"w":104,"h":528},
		"82F8A4DC":{"x":212,"y":0,"w":104,"h":528},
		"CE19CEE":{"x":318,"y":0,"w":104,"h":528}
	}}