{"mc":{
	"gaijiaofan0":{
		"frameRate":25,
		"events":[
			
			],
		"frames":[
			
			{
			"res":"4CDC05E5",
			"x":-40,
			"y":-86
			},
			{
			"res":"7DF4EB78",
			"x":-40,
			"y":-86,
			"duration":8
			},
			{
			"res":"4BF319",
			"x":-40,
			"y":-86
			},
			{
			"res":"6D12C8AC",
			"x":-40,
			"y":-87
			},
			{
			"res":"7EEEC7A3",
			"x":-40,
			"y":-88
			},
			{
			"res":"EE827E37",
			"x":-40,
			"y":-88
			},
			{
			"res":"44089310",
			"x":-40,
			"y":-88
			},
			{
			"res":"B898D291",
			"x":-40,
			"y":-88
			},
			{
			"res":"78A8A986",
			"x":-40,
			"y":-88
			},
			{
			"res":"19FA798A",
			"x":-40,
			"y":-88
			},
			{
			"res":"E15421B2",
			"x":-40,
			"y":-88
			},
			{
			"res":"A9B89C29",
			"x":-40,
			"y":-87
			},
			{
			"res":"90215449",
			"x":-40,
			"y":-87
			},
			{
			"res":"B5505D49",
			"x":-40,
			"y":-86
			},
			{
			"res":"547B6E23",
			"x":-40,
			"y":-86
			},
			{
			"res":"3EC0E1C7",
			"x":-40,
			"y":-82
			},
			{
			"res":"1AF5088B",
			"x":-40,
			"y":-78
			},
			{
			"res":"A41778B3",
			"x":-40,
			"y":-78
			},
			{
			"res":"9060D797",
			"x":-40,
			"y":-76
			},
			{
			"res":"4D7CDE1A",
			"x":-40,
			"y":-76
			},
			{
			"res":"D53B3927",
			"x":-40,
			"y":-76
			},
			{
			"res":"3F6C2583",
			"x":-40,
			"y":-76
			},
			{
			"res":"539F5DB8",
			"x":-40,
			"y":-76
			},
			{
			"res":"A14A1B75",
			"x":-40,
			"y":-76
			},
			{
			"res":"ABB7CBC5",
			"x":-40,
			"y":-76
			},
			{
			"res":"D9D389E7",
			"x":-40,
			"y":-76
			},
			{
			"res":"35DEB7C6",
			"x":-40,
			"y":-76
			},
			{
			"res":"6B13247E",
			"x":-40,
			"y":-76,
			"duration":15
			},
			{
			"res":"FD904CDE",
			"x":-40,
			"y":-76
			},
			{
			"res":"6058A806",
			"x":-40,
			"y":-67
			},
			{
			"res":"9C29305A",
			"x":-40,
			"y":-76
			},
			{
			"res":"4AFC1880",
			"x":-40,
			"y":-76
			},
			{
			"res":"8AA2E650",
			"x":-40,
			"y":-76
			},
			{
			"res":"56753D50",
			"x":-40,
			"y":-76
			},
			{
			"res":"F3BD7337",
			"x":-40,
			"y":-76
			},
			{
			"res":"326D6A1D",
			"x":-40,
			"y":-76
			},
			{
			"res":"A2D2DB58",
			"x":-40,
			"y":-76
			},
			{
			"res":"45DFB650",
			"x":-40,
			"y":-76
			},
			{
			"res":"D42D5B8",
			"x":-40,
			"y":-76
			},
			{
			"res":"243AD962",
			"x":-40,
			"y":-76
			},
			{
			"res":"2B2D25AA",
			"x":-40,
			"y":-76
			},
			{
			"res":"57940691",
			"x":-40,
			"y":-75
			},
			{
			"res":"3C60B569",
			"x":-40,
			"y":-75
			},
			{
			"res":"1CB9EC2E",
			"x":-40,
			"y":-75
			},
			{
			"res":"C99F6063",
			"x":-40,
			"y":-84
			},
			{
			"res":"2E82EA33",
			"x":-40,
			"y":-84
			},
			{
			"res":"F10F6E83",
			"x":-40,
			"y":-86
			},
			{
			"res":"1E8C6B7",
			"x":-40,
			"y":-86
			},
			{
			"res":"30C0282A",
			"x":-40,
			"y":-86
			},
			{
			"res":"1E8C6B7",
			"x":-40,
			"y":-86,
			"duration":6
			},
			{
			"res":"B6890669",
			"x":-40,
			"y":-86,
			"duration":2
			},
			{
			"res":"87A1E8F4",
			"x":-40,
			"y":-86
			},
			{
			"res":"14E9B337",
			"x":-40,
			"y":-87
			},
			{
			"res":"AA40FE11",
			"x":-40,
			"y":-88
			},
			{
			"res":"F8B4C3BF",
			"x":-40,
			"y":-88
			},
			{
			"res":"299560E8",
			"x":-40,
			"y":-88
			},
			{
			"res":"D3D8AE60",
			"x":-40,
			"y":-88
			},
			{
			"res":"6DC2702D",
			"x":-40,
			"y":-88
			},
			{
			"res":"E7DF8D11",
			"x":-40,
			"y":-88
			},
			{
			"res":"B60DFCA1",
			"x":-40,
			"y":-88
			},
			{
			"res":"E310486",
			"x":-40,
			"y":-87
			},
			{
			"res":"C6FBD0C6",
			"x":-40,
			"y":-87
			},
			{
			"res":"B4E20519",
			"x":-40,
			"y":-86
			},
			{
			"res":"524E54E0",
			"x":-40,
			"y":-86
			},
			{
			"res":"12B3ACEE",
			"x":-40,
			"y":-82
			},
			{
			"res":"32C6F245",
			"x":-40,
			"y":-78
			},
			{
			"res":"AA199C89",
			"x":-40,
			"y":-78
			},
			{
			"res":"23FEABDE",
			"x":-40,
			"y":-70
			},
			{
			"res":"A26791C0",
			"x":-40,
			"y":-77
			},
			{
			"res":"E021CE72",
			"x":-40,
			"y":-76
			},
			{
			"res":"222BDDCE",
			"x":-40,
			"y":-76
			},
			{
			"res":"6FEF8A46",
			"x":-40,
			"y":-76
			},
			{
			"res":"91EEF81B",
			"x":-40,
			"y":-76
			},
			{
			"res":"4E5BCB3A",
			"x":-40,
			"y":-76
			},
			{
			"res":"898AC84A",
			"x":-40,
			"y":-76
			},
			{
			"res":"65E88B31",
			"x":-40,
			"y":-76
			},
			{
			"res":"D6489EA5",
			"x":-40,
			"y":-76
			},
			{
			"res":"B356648E",
			"x":-40,
			"y":-76
			},
			{
			"res":"A7FBF3EB",
			"x":-40,
			"y":-76
			},
			{
			"res":"22C5C6D1",
			"x":-40,
			"y":-76
			},
			{
			"res":"9975CBE",
			"x":-40,
			"y":-76
			},
			{
			"res":"60F31F3F",
			"x":-40,
			"y":-76
			},
			{
			"res":"A471E990",
			"x":-40,
			"y":-76
			},
			{
			"res":"3BBD0ACB",
			"x":-40,
			"y":-76
			},
			{
			"res":"7C3825FE",
			"x":-40,
			"y":-76
			},
			{
			"res":"5D72B834",
			"x":-40,
			"y":-76
			},
			{
			"res":"791D323D",
			"x":-40,
			"y":-76
			},
			{
			"res":"31724FAA",
			"x":-40,
			"y":-76
			},
			{
			"res":"538F9F66",
			"x":-40,
			"y":-76
			},
			{
			"res":"BAE9C231",
			"x":-40,
			"y":-76
			},
			{
			"res":"71EDF438",
			"x":-40,
			"y":-76
			},
			{
			"res":"82BBE4C1",
			"x":-40,
			"y":-76
			},
			{
			"res":"214E53B6",
			"x":-40,
			"y":-76
			},
			{
			"res":"4BAAA3DA",
			"x":-40,
			"y":-76
			},
			{
			"res":"862CAEB5",
			"x":-40,
			"y":-76
			},
			{
			"res":"699049CF",
			"x":-40,
			"y":-76
			},
			{
			"res":"B8E2517D",
			"x":-40,
			"y":-76
			},
			{
			"res":"15FF2036",
			"x":-40,
			"y":-76
			},
			{
			"res":"610F6F65",
			"x":-40,
			"y":-76
			},
			{
			"res":"647111E4",
			"x":-40,
			"y":-76
			},
			{
			"res":"99995014",
			"x":-40,
			"y":-76
			},
			{
			"res":"DF421FF9",
			"x":-40,
			"y":-76
			},
			{
			"res":"57EF78E9",
			"x":-40,
			"y":-76
			},
			{
			"res":"47C543DB",
			"x":-40,
			"y":-76
			},
			{
			"res":"83438DD0",
			"x":-40,
			"y":-75
			},
			{
			"res":"577973C6",
			"x":-40,
			"y":-75
			},
			{
			"res":"EAAB19C8",
			"x":-40,
			"y":-75
			},
			{
			"res":"86AF59AE",
			"x":-40,
			"y":-84
			},
			{
			"res":"AAFE8D1D",
			"x":-40,
			"y":-84
			},
			{
			"res":"B9671403",
			"x":-40,
			"y":-86
			},
			{
			"res":"55300754",
			"x":-40,
			"y":-86
			},
			{
			"res":"43316990",
			"x":-40,
			"y":-86
			},
			{
			"res":"7219870D",
			"x":-40,
			"y":-86,
			"duration":8
			},
			{
			"res":"66157371",
			"x":-40,
			"y":-86
			},
			{
			"res":"FBC18467",
			"x":-40,
			"y":-87
			},
			{
			"res":"5ECF095F",
			"x":-40,
			"y":-88
			},
			{
			"res":"DC19499A",
			"x":-40,
			"y":-88
			},
			{
			"res":"54C44561",
			"x":-40,
			"y":-88
			},
			{
			"res":"EB81B778",
			"x":-40,
			"y":-88
			},
			{
			"res":"92E87170",
			"x":-40,
			"y":-88
			},
			{
			"res":"333CBFA4",
			"x":-40,
			"y":-88
			},
			{
			"res":"94B76C57",
			"x":-40,
			"y":-88
			},
			{
			"res":"264C1637",
			"x":-40,
			"y":-87
			},
			{
			"res":"19A1BF5A",
			"x":-40,
			"y":-87
			},
			{
			"res":"BCA32F94",
			"x":-40,
			"y":-86
			},
			{
			"res":"A8803CA5",
			"x":-40,
			"y":-86
			},
			{
			"res":"EB02D2AD",
			"x":-40,
			"y":-82
			},
			{
			"res":"D471584B",
			"x":-40,
			"y":-78
			},
			{
			"res":"88920456",
			"x":-40,
			"y":-78
			},
			{
			"res":"6551541F",
			"x":-40,
			"y":-70
			},
			{
			"res":"30E8FDFD",
			"x":-40,
			"y":-69
			},
			{
			"res":"A1F84E9F",
			"x":-40,
			"y":-69
			},
			{
			"res":"C5AC0903",
			"x":-40,
			"y":-77
			},
			{
			"res":"22F0C6E3",
			"x":-40,
			"y":-76
			},
			{
			"res":"9C266A4A",
			"x":-40,
			"y":-76
			},
			{
			"res":"2455C579",
			"x":-40,
			"y":-76
			},
			{
			"res":"F841F668",
			"x":-40,
			"y":-76
			},
			{
			"res":"7351AB02",
			"x":-40,
			"y":-76
			},
			{
			"res":"51F9D064",
			"x":-40,
			"y":-76
			},
			{
			"res":"B21291C0",
			"x":-40,
			"y":-76
			},
			{
			"res":"33C624CF",
			"x":-40,
			"y":-76
			},
			{
			"res":"330D7827",
			"x":-40,
			"y":-76
			},
			{
			"res":"12A122E5",
			"x":-40,
			"y":-76
			},
			{
			"res":"B6A80A96",
			"x":-40,
			"y":-76
			},
			{
			"res":"4D612EE8",
			"x":-40,
			"y":-76
			},
			{
			"res":"A273CB81",
			"x":-40,
			"y":-76
			},
			{
			"res":"1D2CE67D",
			"x":-40,
			"y":-76
			},
			{
			"res":"5630B3DF",
			"x":-40,
			"y":-76
			},
			{
			"res":"944269B1",
			"x":-40,
			"y":-76
			},
			{
			"res":"EEAB05F0",
			"x":-40,
			"y":-76
			},
			{
			"res":"897F3A0A",
			"x":-40,
			"y":-76
			},
			{
			"res":"6530886B",
			"x":-40,
			"y":-76
			},
			{
			"res":"B5F6825C",
			"x":-40,
			"y":-76
			},
			{
			"res":"ED6C0012",
			"x":-40,
			"y":-76
			},
			{
			"res":"485EF8A8",
			"x":-40,
			"y":-67
			},
			{
			"res":"603C29A5",
			"x":-40,
			"y":-76
			},
			{
			"res":"A360D7A9",
			"x":-40,
			"y":-76
			},
			{
			"res":"87165764",
			"x":-40,
			"y":-76
			},
			{
			"res":"F853B691",
			"x":-40,
			"y":-76
			},
			{
			"res":"74102A37",
			"x":-40,
			"y":-76
			},
			{
			"res":"3DFC0BB6",
			"x":-40,
			"y":-76
			},
			{
			"res":"E3459EEB",
			"x":-40,
			"y":-76
			},
			{
			"res":"8D3C907",
			"x":-40,
			"y":-76
			},
			{
			"res":"E2583AA0",
			"x":-40,
			"y":-76
			},
			{
			"res":"E341D144",
			"x":-40,
			"y":-76
			},
			{
			"res":"179EE237",
			"x":-40,
			"y":-76
			},
			{
			"res":"3BB6AAF5",
			"x":-40,
			"y":-75
			},
			{
			"res":"8A9EBED9",
			"x":-40,
			"y":-75
			},
			{
			"res":"9F6740C7",
			"x":-40,
			"y":-75
			},
			{
			"res":"DC5A35D2",
			"x":-40,
			"y":-84
			},
			{
			"res":"CF6A0CC6",
			"x":-40,
			"y":-76
			},
			{
			"res":"133D2AF5",
			"x":-40,
			"y":-86
			},
			{
			"res":"55550FF7",
			"x":-40,
			"y":-86
			},
			{
			"res":"647DE16A",
			"x":-40,
			"y":-86
			},
			{
			"res":"55550FF7",
			"x":-40,
			"y":-86,
			"duration":5
			},
			{
			"res":"5F1B322D",
			"x":-40,
			"y":-86,
			"duration":3
			},
			{
			"res":"3A8E15F0",
			"x":-40,
			"y":-86
			},
			{
			"res":"BA6FB6D",
			"x":-40,
			"y":-86,
			"duration":4
			},
			{
			"res":"8BA84B6E",
			"x":-40,
			"y":-86,
			"duration":4
			},
			{
			"res":"87A1E8F4",
			"x":-40,
			"y":-86
			},
			{
			"res":"14E9B337",
			"x":-40,
			"y":-87
			},
			{
			"res":"AA40FE11",
			"x":-40,
			"y":-88
			},
			{
			"res":"F8B4C3BF",
			"x":-40,
			"y":-88
			},
			{
			"res":"299560E8",
			"x":-40,
			"y":-88
			},
			{
			"res":"D3D8AE60",
			"x":-40,
			"y":-88
			},
			{
			"res":"6DC2702D",
			"x":-40,
			"y":-88
			},
			{
			"res":"FDD1CF90",
			"x":-40,
			"y":-88
			},
			{
			"res":"90DFBB86",
			"x":-40,
			"y":-88
			},
			{
			"res":"A88B256B",
			"x":-40,
			"y":-87
			},
			{
			"res":"6DDD421C",
			"x":-40,
			"y":-87
			},
			{
			"res":"7F77AB1F",
			"x":-40,
			"y":-86
			},
			{
			"res":"78D5F287",
			"x":-40,
			"y":-86
			},
			{
			"res":"544A3633",
			"x":-40,
			"y":-82
			},
			{
			"res":"98C7BFBF",
			"x":-40,
			"y":-78
			},
			{
			"res":"D7E913DE",
			"x":-40,
			"y":-78
			},
			{
			"res":"609FA0BA",
			"x":-40,
			"y":-70
			},
			{
			"res":"7D7D8DEB",
			"x":-40,
			"y":-77
			},
			{
			"res":"F9F7BA9",
			"x":-40,
			"y":-76
			},
			{
			"res":"3F6C2583",
			"x":-40,
			"y":-76
			},
			{
			"res":"539F5DB8",
			"x":-40,
			"y":-76
			},
			{
			"res":"A14A1B75",
			"x":-40,
			"y":-76
			},
			{
			"res":"ABB7CBC5",
			"x":-40,
			"y":-76
			},
			{
			"res":"D9D389E7",
			"x":-40,
			"y":-76
			},
			{
			"res":"35DEB7C6",
			"x":-40,
			"y":-76
			},
			{
			"res":"6B13247E",
			"x":-40,
			"y":-76,
			"duration":15
			},
			{
			"res":"DEFBC25B",
			"x":-40,
			"y":-76
			},
			{
			"res":"AC800C1",
			"x":-40,
			"y":-76
			},
			{
			"res":"8CD4ACBA",
			"x":-40,
			"y":-76
			},
			{
			"res":"8DE14969",
			"x":-40,
			"y":-76
			},
			{
			"res":"A35F3BA1",
			"x":-40,
			"y":-76
			},
			{
			"res":"C804DAFD",
			"x":-40,
			"y":-76
			},
			{
			"res":"7F212DCD",
			"x":-40,
			"y":-76
			},
			{
			"res":"30CEE654",
			"x":-40,
			"y":-76
			},
			{
			"res":"82E2C16A",
			"x":-40,
			"y":-76
			},
			{
			"res":"57E9EBA8",
			"x":-40,
			"y":-76
			},
			{
			"res":"D1CAFACC",
			"x":-40,
			"y":-76
			},
			{
			"res":"6A081C5E",
			"x":-40,
			"y":-76
			},
			{
			"res":"17ACF59C",
			"x":-40,
			"y":-76
			},
			{
			"res":"DBA48F59",
			"x":-40,
			"y":-75
			},
			{
			"res":"C186DEC3",
			"x":-40,
			"y":-75
			},
			{
			"res":"CF11DFD3",
			"x":-40,
			"y":-75
			},
			{
			"res":"9F35213",
			"x":-40,
			"y":-84
			},
			{
			"res":"7C7682FD",
			"x":-40,
			"y":-84
			},
			{
			"res":"F5DCF2F8",
			"x":-40,
			"y":-86
			},
			{
			"res":"1E8C6B7",
			"x":-40,
			"y":-86
			},
			{
			"res":"30C0282A",
			"x":-40,
			"y":-86
			},
			{
			"res":"1E8C6B7",
			"x":-40,
			"y":-86,
			"duration":7
			},
			{
			"res":"B6890669",
			"x":-40,
			"y":-86
			},
			{
			"res":"15E432CB",
			"x":-40,
			"y":-86
			},
			{
			"res":"28B1C664",
			"x":-40,
			"y":-87
			},
			{
			"res":"8F9F7D03",
			"x":-40,
			"y":-88
			},
			{
			"res":"5A99F2AB",
			"x":-40,
			"y":-88
			},
			{
			"res":"8D16C260",
			"x":-40,
			"y":-88
			},
			{
			"res":"6715C490",
			"x":-40,
			"y":-88
			},
			{
			"res":"98112FE",
			"x":-40,
			"y":-88
			},
			{
			"res":"7D791AD2",
			"x":-40,
			"y":-88
			},
			{
			"res":"11E50B22",
			"x":-40,
			"y":-88
			},
			{
			"res":"4C13B777",
			"x":-40,
			"y":-87
			},
			{
			"res":"EE18EC6F",
			"x":-40,
			"y":-87
			},
			{
			"res":"91AED61C",
			"x":-40,
			"y":-86
			},
			{
			"res":"5890A7C6",
			"x":-40,
			"y":-86
			},
			{
			"res":"8A762552",
			"x":-40,
			"y":-82
			},
			{
			"res":"BD69FE90",
			"x":-40,
			"y":-78
			},
			{
			"res":"AA199C89",
			"x":-40,
			"y":-78
			},
			{
			"res":"23FEABDE",
			"x":-40,
			"y":-70
			},
			{
			"res":"7F54309B",
			"x":-40,
			"y":-77
			},
			{
			"res":"BFB730A6",
			"x":-40,
			"y":-76
			},
			{
			"res":"306D1640",
			"x":-40,
			"y":-76
			},
			{
			"res":"8DDB4FDA",
			"x":-40,
			"y":-76
			},
			{
			"res":"7CE9D588",
			"x":-40,
			"y":-76
			},
			{
			"res":"7EC21EAE",
			"x":-40,
			"y":-76
			},
			{
			"res":"FD77B777",
			"x":-40,
			"y":-76
			},
			{
			"res":"9A05A966",
			"x":-40,
			"y":-76
			},
			{
			"res":"597CCE27",
			"x":-40,
			"y":-76
			},
			{
			"res":"60BE9F87",
			"x":-40,
			"y":-76
			},
			{
			"res":"BFCE3727",
			"x":-40,
			"y":-76
			},
			{
			"res":"AD5B94C0",
			"x":-40,
			"y":-76
			},
			{
			"res":"79737A1",
			"x":-40,
			"y":-76
			},
			{
			"res":"41FCB5ED",
			"x":-40,
			"y":-76
			},
			{
			"res":"2FEC5080",
			"x":-40,
			"y":-76
			},
			{
			"res":"44B869D0",
			"x":-40,
			"y":-76
			},
			{
			"res":"FE58FED0",
			"x":-40,
			"y":-76
			},
			{
			"res":"9127D98E",
			"x":-40,
			"y":-76
			},
			{
			"res":"721366DF",
			"x":-40,
			"y":-76
			},
			{
			"res":"40957709",
			"x":-40,
			"y":-76,
			"duration":4
			},
			{
			"res":"82BBE4C1",
			"x":-40,
			"y":-76
			},
			{
			"res":"214E53B6",
			"x":-40,
			"y":-76
			},
			{
			"res":"4BAAA3DA",
			"x":-40,
			"y":-76
			},
			{
			"res":"862CAEB5",
			"x":-40,
			"y":-76
			},
			{
			"res":"699049CF",
			"x":-40,
			"y":-76
			},
			{
			"res":"B8E2517D",
			"x":-40,
			"y":-76
			},
			{
			"res":"15FF2036",
			"x":-40,
			"y":-76
			},
			{
			"res":"610F6F65",
			"x":-40,
			"y":-76
			},
			{
			"res":"647111E4",
			"x":-40,
			"y":-76
			},
			{
			"res":"99995014",
			"x":-40,
			"y":-76
			},
			{
			"res":"DF421FF9",
			"x":-40,
			"y":-76
			},
			{
			"res":"57EF78E9",
			"x":-40,
			"y":-76
			},
			{
			"res":"47C543DB",
			"x":-40,
			"y":-76
			},
			{
			"res":"83438DD0",
			"x":-40,
			"y":-75
			},
			{
			"res":"577973C6",
			"x":-40,
			"y":-75
			},
			{
			"res":"EAAB19C8",
			"x":-40,
			"y":-75
			},
			{
			"res":"86AF59AE",
			"x":-40,
			"y":-84
			},
			{
			"res":"AAFE8D1D",
			"x":-40,
			"y":-84
			},
			{
			"res":"B9671403",
			"x":-40,
			"y":-86
			},
			{
			"res":"55300754",
			"x":-40,
			"y":-86
			},
			{
			"res":"43316990",
			"x":-40,
			"y":-86
			},
			{
			"res":"7219870D",
			"x":-40,
			"y":-86,
			"duration":8
			},
			{
			"res":"66157371",
			"x":-40,
			"y":-86
			},
			{
			"res":"FBC18467",
			"x":-40,
			"y":-87
			},
			{
			"res":"5ECF095F",
			"x":-40,
			"y":-88
			},
			{
			"res":"DC19499A",
			"x":-40,
			"y":-88
			},
			{
			"res":"54C44561",
			"x":-40,
			"y":-88
			},
			{
			"res":"AFE77CA6",
			"x":-40,
			"y":-88
			},
			{
			"res":"990A4460",
			"x":-40,
			"y":-88
			},
			{
			"res":"1D3DB454",
			"x":-40,
			"y":-88
			},
			{
			"res":"6E6E7853",
			"x":-40,
			"y":-88
			},
			{
			"res":"F9514993",
			"x":-40,
			"y":-87
			},
			{
			"res":"7EADB986",
			"x":-40,
			"y":-87
			},
			{
			"res":"5FDDB5B1",
			"x":-40,
			"y":-86
			},
			{
			"res":"1078FBD2",
			"x":-40,
			"y":-86
			},
			{
			"res":"D0A7A9B9",
			"x":-40,
			"y":-82
			},
			{
			"res":"FE068D0B",
			"x":-40,
			"y":-78
			},
			{
			"res":"F7A77F38",
			"x":-40,
			"y":-78
			},
			{
			"res":"28EED331",
			"x":-40,
			"y":-70
			},
			{
			"res":"408510A7",
			"x":-40,
			"y":-66
			},
			{
			"res":"6E6DB8AD",
			"x":-40,
			"y":-77
			},
			{
			"res":"536BC094",
			"x":-40,
			"y":-76
			},
			{
			"res":"2DBE2B84",
			"x":-40,
			"y":-76
			},
			{
			"res":"712147D9",
			"x":-40,
			"y":-76
			},
			{
			"res":"14CC10ED",
			"x":-40,
			"y":-76
			},
			{
			"res":"8CBC8955",
			"x":-40,
			"y":-76,
			"duration":2
			},
			{
			"res":"DECD80E6",
			"x":-40,
			"y":-76,
			"duration":19
			},
			{
			"res":"F6637417",
			"x":-40,
			"y":-76
			},
			{
			"res":"A960B0F0",
			"x":-40,
			"y":-77
			},
			{
			"res":"B19FF9BF",
			"x":-40,
			"y":-79
			},
			{
			"res":"CAAA2BBB",
			"x":-40,
			"y":-82
			},
			{
			"res":"F3B23353",
			"x":-40,
			"y":-85
			},
			{
			"res":"F044A1D2",
			"x":-40,
			"y":-88
			},
			{
			"res":"4490A7B3",
			"x":-40,
			"y":-92
			},
			{
			"res":"4A1B67E0",
			"x":-40,
			"y":-94
			},
			{
			"res":"6386328F",
			"x":-40,
			"y":-95
			},
			{
			"res":"69EFDC32",
			"x":-40,
			"y":-93
			},
			{
			"res":"D91386F1",
			"x":-40,
			"y":-88
			},
			{
			"res":"B5EF2A2E",
			"x":-40,
			"y":-80
			},
			{
			"res":"A75E20D6",
			"x":-40,
			"y":-68
			},
			{
			"res":"893C3C08",
			"x":-40,
			"y":-59
			}
			]
}},
	"res":{
		"90215449":{"x":1035,"y":628,"w":141,"h":88},
		"55300754":{"x":155,"y":270,"w":155,"h":87},
		"57940691":{"x":1474,"y":720,"w":150,"h":76},
		"43316990":{"x":475,"y":183,"w":156,"h":87},
		"40957709":{"x":960,"y":1352,"w":135,"h":77},
		"66157371":{"x":788,"y":92,"w":156,"h":87},
		"87165764":{"x":412,"y":1269,"w":135,"h":77},
		"99995014":{"x":1904,"y":880,"w":143,"h":77},
		"88920456":{"x":1173,"y":797,"w":142,"h":79},
		"44089310":{"x":155,"y":359,"w":150,"h":89},
		"D53B3927":{"x":686,"y":1437,"w":135,"h":77},
		"11E50B22":{"x":1403,"y":360,"w":149,"h":89},
		"FBC18467":{"x":1261,"y":1,"w":156,"h":88},
		"6E6E7853":{"x":1097,"y":271,"w":151,"h":89},
		"9A05A966":{"x":1104,"y":1198,"w":135,"h":77},
		"CF11DFD3":{"x":1643,"y":717,"w":151,"h":76},
		"9C266A4A":{"x":824,"y":1271,"w":135,"h":77},
		"14CC10ED":{"x":549,"y":1279,"w":135,"h":77},
		"7351AB02":{"x":412,"y":1348,"w":135,"h":77},
		"7EADB986":{"x":1214,"y":449,"w":148,"h":88},
		"791D323D":{"x":686,"y":1358,"w":135,"h":77},
		"FDD1CF90":{"x":623,"y":274,"w":150,"h":89},
		"FE068D0B":{"x":588,"y":799,"w":142,"h":79},
		"D91386F1":{"x":1506,"y":629,"w":135,"h":89},
		"17ACF59C":{"x":1626,"y":795,"w":147,"h":77},
		"FD77B777":{"x":961,"y":1273,"w":135,"h":77},
		"8F9F7D03":{"x":1419,"y":1,"w":156,"h":88},
		"990A4460":{"x":1417,"y":91,"w":154,"h":89},
		"538F9F66":{"x":1372,"y":1351,"w":135,"h":77},
		"6A081C5E":{"x":1025,"y":797,"w":146,"h":77},
		"7EC21EAE":{"x":1097,"y":1356,"w":135,"h":77},
		"333CBFA4":{"x":478,"y":92,"w":153,"h":89},
		"BAE9C231":{"x":138,"y":1431,"w":135,"h":77},
		"4BF319":{"x":946,"y":92,"w":155,"h":87},
		"7CE9D588":{"x":1782,"y":1513,"w":135,"h":77},
		"EEAB05F0":{"x":1508,"y":1590,"w":135,"h":77},
		"71EDF438":{"x":1542,"y":1116,"w":135,"h":77},
		"30C0282A":{"x":1888,"y":92,"w":156,"h":87},
		"B6890669":{"x":317,"y":181,"w":156,"h":87},
		"8DDB4FDA":{"x":1241,"y":1269,"w":135,"h":77},
		"7EEEC7A3":{"x":469,"y":272,"w":152,"h":88},
		"D1CAFACC":{"x":1775,"y":801,"w":145,"h":77},
		"6D12C8AC":{"x":1578,"y":269,"w":154,"h":88},
		"F7A77F38":{"x":1616,"y":874,"w":141,"h":79},
		"15FF2036":{"x":1884,"y":959,"w":139,"h":77},
		"19A1BF5A":{"x":459,"y":362,"w":149,"h":88},
		"EE827E37":{"x":1887,"y":270,"w":151,"h":89},
		"1E8C6B7":{"x":788,"y":181,"w":156,"h":87},
		"6551541F":{"x":275,"y":1664,"w":141,"h":71},
		"F841F668":{"x":823,"y":1429,"w":135,"h":77},
		"F10F6E83":{"x":1887,"y":181,"w":156,"h":87},
		"90DFBB86":{"x":1559,"y":359,"w":149,"h":89},
		"7D7D8DEB":{"x":428,"y":1032,"w":137,"h":77},
		"647DE16A":{"x":1262,"y":182,"w":156,"h":87},
		"897F3A0A":{"x":1782,"y":1592,"w":135,"h":77},
		"87A1E8F4":{"x":1420,"y":182,"w":156,"h":87},
		"306D1640":{"x":1816,"y":1118,"w":135,"h":77},
		"214E53B6":{"x":1802,"y":1197,"w":135,"h":77},
		"2E82EA33":{"x":926,"y":361,"w":155,"h":85},
		"78A8A986":{"x":610,"y":365,"w":147,"h":89},
		"14E9B337":{"x":1735,"y":1,"w":156,"h":88},
		"5F1B322D":{"x":319,"y":92,"w":157,"h":87},
		"610F6F65":{"x":1009,"y":957,"w":140,"h":77},
		"BCA32F94":{"x":1364,"y":538,"w":147,"h":87},
		"C99F6063":{"x":1083,"y":362,"w":154,"h":85},
		"82BBE4C1":{"x":823,"y":1350,"w":135,"h":77},
		"BFB730A6":{"x":567,"y":1042,"w":136,"h":77},
		"AA40FE11":{"x":1103,"y":1,"w":156,"h":88},
		"55550FF7":{"x":1729,"y":180,"w":156,"h":87},
		"B898D291":{"x":1,"y":361,"w":148,"h":89},
		"28EED331":{"x":1234,"y":1667,"w":140,"h":71},
		"1CB9EC2E":{"x":569,"y":714,"w":152,"h":76},
		"7F54309B":{"x":1289,"y":1032,"w":137,"h":77},
		"D7E913DE":{"x":1155,"y":878,"w":140,"h":79},
		"E15421B2":{"x":1703,"y":537,"w":144,"h":89},
		"19FA798A":{"x":1,"y":452,"w":145,"h":89},
		"EB81B778":{"x":475,"y":1,"w":155,"h":89},
		"330D7827":{"x":1,"y":1595,"w":135,"h":77},
		"A9B89C29":{"x":890,"y":546,"w":143,"h":88},
		"3C60B569":{"x":1013,"y":718,"w":151,"h":76},
		"51F9D064":{"x":413,"y":1190,"w":135,"h":77},
		"299560E8":{"x":1573,"y":91,"w":154,"h":89},
		"133D2AF5":{"x":787,"y":270,"w":155,"h":87},
		"F8B4C3BF":{"x":632,"y":1,"w":155,"h":89},
		"B5505D49":{"x":1178,"y":628,"w":140,"h":87},
		"547B6E23":{"x":1660,"y":628,"w":139,"h":87},
		"4CDC05E5":{"x":1104,"y":182,"w":156,"h":87},
		"12A122E5":{"x":1098,"y":1277,"w":135,"h":77},
		"3EC0E1C7":{"x":1,"y":717,"w":137,"h":83},
		"2B2D25AA":{"x":1166,"y":718,"w":149,"h":77},
		"83438DD0":{"x":875,"y":796,"w":148,"h":76},
		"1AF5088B":{"x":1151,"y":959,"w":136,"h":79},
		"CF6A0CC6":{"x":569,"y":635,"w":154,"h":77},
		"4490A7B3":{"x":752,"y":540,"w":136,"h":93},
		"D3D8AE60":{"x":633,"y":92,"w":153,"h":89},
		"A41778B3":{"x":574,"y":961,"w":135,"h":79},
		"243AD962":{"x":1796,"y":722,"w":148,"h":77},
		"D42D5B8":{"x":285,"y":799,"w":146,"h":77},
		"3A8E15F0":{"x":1729,"y":91,"w":157,"h":87},
		"47C543DB":{"x":1468,"y":798,"w":146,"h":77},
		"6DC2702D":{"x":944,"y":270,"w":151,"h":89},
		"DC5A35D2":{"x":301,"y":450,"w":153,"h":85},
		"31724FAA":{"x":980,"y":1115,"w":135,"h":77},
		"EAAB19C8":{"x":723,"y":721,"w":150,"h":76},
		"45DFB650":{"x":433,"y":870,"w":145,"h":77},
		"F9514993":{"x":1862,"y":361,"w":149,"h":88},
		"B6A80A96":{"x":1254,"y":1190,"w":135,"h":77},
		"9060D797":{"x":1665,"y":1196,"w":135,"h":77},
		"BA6FB6D":{"x":1,"y":92,"w":157,"h":87},
		"B60DFCA1":{"x":775,"y":359,"w":149,"h":89},
		"8DE14969":{"x":1267,"y":1111,"w":136,"h":77},
		"BD69FE90":{"x":869,"y":874,"w":141,"h":79},
		"8BA84B6E":{"x":160,"y":92,"w":157,"h":87},
		"408510A7":{"x":1800,"y":1671,"w":139,"h":67},
		"E7DF8D11":{"x":307,"y":359,"w":150,"h":89},
		"9F6740C7":{"x":1320,"y":716,"w":152,"h":76},
		"A2D2DB58":{"x":148,"y":878,"w":144,"h":77},
		"A35F3BA1":{"x":1706,"y":1038,"w":137,"h":77},
		"F044A1D2":{"x":431,"y":631,"w":136,"h":88},
		"326D6A1D":{"x":1,"y":884,"w":143,"h":77},
		"544A3633":{"x":725,"y":635,"w":142,"h":83},
		"577973C6":{"x":1317,"y":794,"w":149,"h":76},
		"E310486":{"x":1554,"y":450,"w":147,"h":88},
		"A8803CA5":{"x":1213,"y":539,"w":146,"h":87},
		"C6FBD0C6":{"x":604,"y":456,"w":146,"h":88},
		"7F212DCD":{"x":146,"y":957,"w":140,"h":77},
		"F6637417":{"x":275,"y":1502,"w":135,"h":77},
		"86AF59AE":{"x":301,"y":537,"w":151,"h":85},
		"8CD4ACBA":{"x":412,"y":1585,"w":135,"h":77},
		"6530886B":{"x":1234,"y":1585,"w":135,"h":77},
		"8A9EBED9":{"x":686,"y":1595,"w":135,"h":76},
		"B4E20519":{"x":1,"y":543,"w":145,"h":87},
		"69EFDC32":{"x":148,"y":540,"w":135,"h":94},
		"56753D50":{"x":1441,"y":956,"w":140,"h":77},
		"647111E4":{"x":722,"y":884,"w":142,"h":77},
		"AFE77CA6":{"x":789,"y":1,"w":155,"h":89},
		"B8E2517D":{"x":288,"y":1028,"w":138,"h":77},
		"78D5F287":{"x":1849,"y":548,"w":144,"h":87},
		"8AA2E650":{"x":1743,"y":959,"w":139,"h":77},
		"F3BD7337":{"x":1297,"y":953,"w":142,"h":77},
		"524E54E0":{"x":1361,"y":627,"w":143,"h":87},
		"3BB6AAF5":{"x":549,"y":1595,"w":135,"h":76},
		"F3B23353":{"x":147,"y":636,"w":136,"h":86},
		"4AFC1880":{"x":711,"y":963,"w":138,"h":77},
		"7F77AB1F":{"x":601,"y":546,"w":145,"h":87},
		"32C6F245":{"x":1012,"y":876,"w":141,"h":79},
		"9C29305A":{"x":1428,"y":1035,"w":137,"h":77},
		"DECD80E6":{"x":1515,"y":1274,"w":135,"h":77},
		"12B3ACEE":{"x":1801,"y":637,"w":142,"h":83},
		"DC19499A":{"x":1,"y":1,"w":156,"h":89},
		"179EE237":{"x":686,"y":1279,"w":135,"h":77},
		"AA199C89":{"x":580,"y":880,"w":140,"h":79},
		"7DF4EB78":{"x":1,"y":181,"w":156,"h":87},
		"6E6DB8AD":{"x":990,"y":1036,"w":137,"h":77},
		"6058A806":{"x":875,"y":721,"w":136,"h":68},
		"699049CF":{"x":1567,"y":1037,"w":137,"h":77},
		"1D3DB454":{"x":633,"y":183,"w":152,"h":89},
		"23FEABDE":{"x":823,"y":1668,"w":139,"h":71},
		"B5EF2A2E":{"x":438,"y":949,"w":134,"h":81},
		"1D2CE67D":{"x":412,"y":1427,"w":135,"h":77},
		"FD904CDE":{"x":1234,"y":1427,"w":135,"h":77},
		"D0A7A9B9":{"x":1,"y":632,"w":144,"h":83},
		"5FDDB5B1":{"x":1064,"y":539,"w":147,"h":87},
		"E341D144":{"x":960,"y":1431,"w":135,"h":77},
		"A26791C0":{"x":141,"y":1036,"w":137,"h":77},
		"E021CE72":{"x":418,"y":1111,"w":136,"h":77},
		"721366DF":{"x":1371,"y":1509,"w":135,"h":77},
		"2455C579":{"x":1508,"y":1511,"w":135,"h":77},
		"82E2C16A":{"x":294,"y":949,"w":142,"h":77},
		"33C624CF":{"x":549,"y":1516,"w":135,"h":77},
		"9127D98E":{"x":275,"y":1581,"w":135,"h":77},
		"B9671403":{"x":1403,"y":271,"w":154,"h":87},
		"4A1B67E0":{"x":1857,"y":451,"w":136,"h":95},
		"222BDDCE":{"x":1371,"y":1588,"w":135,"h":77},
		"AC800C1":{"x":138,"y":1589,"w":135,"h":77},
		"6386328F":{"x":926,"y":448,"w":136,"h":96},
		"536BC094":{"x":1129,"y":1040,"w":136,"h":77},
		"98C7BFBF":{"x":1317,"y":872,"w":141,"h":79},
		"E2583AA0":{"x":843,"y":1113,"w":135,"h":77},
		"FE58FED0":{"x":1405,"y":1114,"w":135,"h":77},
		"6FEF8A46":{"x":139,"y":1115,"w":135,"h":77},
		"C804DAFD":{"x":1,"y":963,"w":138,"h":77},
		"DF421FF9":{"x":1460,"y":877,"w":144,"h":77},
		"44B869D0":{"x":1679,"y":1117,"w":135,"h":77},
		"EB02D2AD":{"x":1578,"y":182,"w":145,"h":83},
		"41FCB5ED":{"x":1117,"y":1119,"w":135,"h":77},
		"DEFBC25B":{"x":1,"y":1121,"w":135,"h":77},
		"91EEF81B":{"x":556,"y":1121,"w":135,"h":77},
		"8D3C907":{"x":693,"y":1121,"w":135,"h":77},
		"BFCE3727":{"x":276,"y":1186,"w":135,"h":77},
		"30E8FDFD":{"x":1517,"y":1670,"w":140,"h":70},
		"7219870D":{"x":159,"y":181,"w":156,"h":87},
		"6DDD421C":{"x":456,"y":452,"w":146,"h":88},
		"60BE9F87":{"x":830,"y":1192,"w":135,"h":77},
		"A75E20D6":{"x":148,"y":805,"w":134,"h":69},
		"4D612EE8":{"x":1391,"y":1193,"w":135,"h":77},
		"4E5BCB3A":{"x":138,"y":1194,"w":135,"h":77},
		"2FEC5080":{"x":967,"y":1194,"w":135,"h":77},
		"79737A1":{"x":1528,"y":1195,"w":135,"h":77},
		"CAAA2BBB":{"x":732,"y":799,"w":135,"h":83},
		"8A762552":{"x":869,"y":636,"w":142,"h":83},
		"C5AC0903":{"x":851,"y":1034,"w":137,"h":77},
		"AD5B94C0":{"x":1,"y":1200,"w":135,"h":77},
		"2DBE2B84":{"x":550,"y":1200,"w":135,"h":77},
		"898AC84A":{"x":687,"y":1200,"w":135,"h":77},
		"5630B3DF":{"x":275,"y":1265,"w":135,"h":77},
		"F5DCF2F8":{"x":312,"y":270,"w":155,"h":87},
		"5890A7C6":{"x":285,"y":624,"w":144,"h":87},
		"91AED61C":{"x":1513,"y":540,"w":145,"h":87},
		"65E88B31":{"x":1378,"y":1272,"w":135,"h":77},
		"E3459EEB":{"x":138,"y":1273,"w":135,"h":77},
		"893C3C08":{"x":1945,"y":637,"w":82,"h":60},
		"F9F7BA9":{"x":1,"y":1042,"w":136,"h":77},
		"EE18EC6F":{"x":759,"y":450,"w":147,"h":88},
		"D6489EA5":{"x":1652,"y":1275,"w":135,"h":77},
		"597CCE27":{"x":1789,"y":1276,"w":135,"h":77},
		"862CAEB5":{"x":705,"y":1042,"w":136,"h":77},
		"3DFC0BB6":{"x":1,"y":1279,"w":135,"h":77},
		"7C7682FD":{"x":1239,"y":362,"w":154,"h":85},
		"A1F84E9F":{"x":1659,"y":1671,"w":139,"h":70},
		"94B76C57":{"x":1250,"y":271,"w":151,"h":89},
		"B356648E":{"x":275,"y":1344,"w":135,"h":77},
		"4C13B777":{"x":1064,"y":449,"w":148,"h":88},
		"5D72B834":{"x":1235,"y":1348,"w":135,"h":77},
		"7D791AD2":{"x":1734,"y":269,"w":151,"h":89},
		"98112FE":{"x":1,"y":270,"w":152,"h":89},
		"4BAAA3DA":{"x":138,"y":1352,"w":135,"h":77},
		"57E9EBA8":{"x":1759,"y":880,"w":143,"h":77},
		"F853B691":{"x":1509,"y":1353,"w":135,"h":77},
		"A7FBF3EB":{"x":1646,"y":1354,"w":135,"h":77},
		"8CBC8955":{"x":1783,"y":1355,"w":135,"h":77},
		"57EF78E9":{"x":1,"y":805,"w":145,"h":77},
		"A273CB81":{"x":1,"y":1358,"w":135,"h":77},
		"6B13247E":{"x":549,"y":1358,"w":135,"h":77},
		"A960B0F0":{"x":1845,"y":1038,"w":135,"h":78},
		"22C5C6D1":{"x":275,"y":1423,"w":135,"h":77},
		"AAFE8D1D":{"x":1703,"y":450,"w":152,"h":85},
		"54C44561":{"x":159,"y":1,"w":156,"h":89},
		"264C1637":{"x":1710,"y":360,"w":150,"h":88},
		"712147D9":{"x":1371,"y":1430,"w":135,"h":77},
		"5A99F2AB":{"x":317,"y":1,"w":156,"h":89},
		"A88B256B":{"x":151,"y":450,"w":148,"h":88},
		"9975CBE":{"x":1508,"y":1432,"w":135,"h":77},
		"B5F6825C":{"x":1645,"y":1433,"w":135,"h":77},
		"D9D389E7":{"x":1782,"y":1434,"w":135,"h":77},
		"74102A37":{"x":1097,"y":1435,"w":135,"h":77},
		"35DEB7C6":{"x":1,"y":1437,"w":135,"h":77},
		"A360D7A9":{"x":549,"y":1437,"w":135,"h":77},
		"9F35213":{"x":1364,"y":451,"w":152,"h":85},
		"1078FBD2":{"x":454,"y":542,"w":145,"h":87},
		"ABB7CBC5":{"x":412,"y":1506,"w":135,"h":77},
		"944269B1":{"x":1234,"y":1506,"w":135,"h":77},
		"B21291C0":{"x":823,"y":1508,"w":135,"h":77},
		"15E432CB":{"x":946,"y":181,"w":156,"h":87},
		"60F31F3F":{"x":138,"y":1510,"w":135,"h":77},
		"603C29A5":{"x":960,"y":1510,"w":135,"h":77},
		"D471584B":{"x":140,"y":724,"w":143,"h":79},
		"539F5DB8":{"x":1645,"y":1512,"w":135,"h":77},
		"28B1C664":{"x":1577,"y":1,"w":156,"h":88},
		"A14A1B75":{"x":1097,"y":1514,"w":135,"h":77},
		"A471E990":{"x":1,"y":1516,"w":135,"h":77},
		"609FA0BA":{"x":1376,"y":1669,"w":139,"h":71},
		"B19FF9BF":{"x":1606,"y":955,"w":135,"h":80},
		"3F6C2583":{"x":686,"y":1516,"w":135,"h":77},
		"30CEE654":{"x":866,"y":955,"w":141,"h":77},
		"6715C490":{"x":1893,"y":1,"w":154,"h":89},
		"92E87170":{"x":1261,"y":91,"w":154,"h":89},
		"485EF8A8":{"x":294,"y":878,"w":135,"h":68},
		"3BBD0ACB":{"x":823,"y":1587,"w":135,"h":77},
		"8D16C260":{"x":946,"y":1,"w":155,"h":89},
		"C186DEC3":{"x":285,"y":721,"w":150,"h":76},
		"ED6C0012":{"x":960,"y":1589,"w":135,"h":77},
		"22F0C6E3":{"x":280,"y":1107,"w":136,"h":77},
		"4D7CDE1A":{"x":1645,"y":1591,"w":135,"h":77},
		"DBA48F59":{"x":437,"y":792,"w":149,"h":76},
		"7C3825FE":{"x":1097,"y":1593,"w":135,"h":77},
		"5ECF095F":{"x":1103,"y":91,"w":156,"h":88}
	}}