{"mc":{
	"gaijiaofan1_0":{
		"frameRate":24,
		"events":[
			
			],
		"frames":[
			
			{
			"res":"7875176A",
			"x":-41,
			"y":-105
			},
			{
			"res":"E5714DB4",
			"x":-41,
			"y":-108
			},
			{
			"res":"C4529EC0",
			"x":-41,
			"y":-107
			},
			{
			"res":"B432307F",
			"x":-41,
			"y":-103
			},
			{
			"res":"DF7C33A3",
			"x":-41,
			"y":-97
			},
			{
			"res":"D4189715",
			"x":-41,
			"y":-90
			},
			{
			"res":"36CC1CA1",
			"x":-41,
			"y":-83
			},
			{
			"res":"BDF980F2",
			"x":-41,
			"y":-76
			},
			{
			"res":"708C9DD1",
			"x":-41,
			"y":-72
			},
			{
			"res":"1BA306FC",
			"x":-41,
			"y":-137
			},
			{
			"res":"E08D7DF3",
			"x":-41,
			"y":-136
			},
			{
			"res":"681CC124",
			"x":-41,
			"y":-136
			},
			{
			"res":"B08F5D44",
			"x":-41,
			"y":-136
			},
			{
			"res":"1B016A20",
			"x":-41,
			"y":-136
			},
			{
			"res":"81F3C9CD",
			"x":-41,
			"y":-137
			},
			{
			"res":"E520AA25",
			"x":-41,
			"y":-137
			},
			{
			"res":"CD10454",
			"x":-41,
			"y":-137
			},
			{
			"res":"D2F0E653",
			"x":-41,
			"y":-136
			},
			{
			"res":"B8646007",
			"x":-41,
			"y":-136
			},
			{
			"res":"371F60AA",
			"x":-41,
			"y":-136
			},
			{
			"res":"B933AD",
			"x":-41,
			"y":-135
			},
			{
			"res":"CD61CE7A",
			"x":-41,
			"y":-134
			},
			{
			"res":"B0ECA103",
			"x":-41,
			"y":-133
			},
			{
			"res":"F019C40C",
			"x":-41,
			"y":-131
			},
			{
			"res":"E01E95D4",
			"x":-41,
			"y":-129
			},
			{
			"res":"BBFFA56",
			"x":-41,
			"y":-126
			},
			{
			"res":"FB008FE8",
			"x":-41,
			"y":-123
			},
			{
			"res":"9A60179",
			"x":-41,
			"y":-119
			},
			{
			"res":"A16B2022",
			"x":-41,
			"y":-115
			},
			{
			"res":"890B3E96",
			"x":-41,
			"y":-111
			},
			{
			"res":"3DB0548",
			"x":-41,
			"y":-106
			},
			{
			"res":"79768A41",
			"x":-41,
			"y":-101
			},
			{
			"res":"B6F3A713",
			"x":-41,
			"y":-95
			},
			{
			"res":"6E0FFA2",
			"x":-41,
			"y":-89
			},
			{
			"res":"56AC4F2",
			"x":-41,
			"y":-85
			},
			{
			"res":"36B02121",
			"x":-41,
			"y":-85
			},
			{
			"res":"6AF29885",
			"x":-41,
			"y":-85,
			"duration":2
			},
			{
			"res":"92AEC46F",
			"x":-41,
			"y":-137
			},
			{
			"res":"4DCEDD12",
			"x":-41,
			"y":-136
			},
			{
			"res":"7F5B0013",
			"x":-41,
			"y":-136
			},
			{
			"res":"C0B735D9",
			"x":-41,
			"y":-136
			},
			{
			"res":"87116FBB",
			"x":-41,
			"y":-136
			},
			{
			"res":"87558D7B",
			"x":-41,
			"y":-137
			},
			{
			"res":"A64C47F6",
			"x":-41,
			"y":-137
			},
			{
			"res":"ACD00443",
			"x":-41,
			"y":-137
			},
			{
			"res":"A2971E71",
			"x":-41,
			"y":-137
			},
			{
			"res":"DA5A5B41",
			"x":-41,
			"y":-136
			},
			{
			"res":"1AE742D5",
			"x":-41,
			"y":-136
			},
			{
			"res":"6B95E17A",
			"x":-41,
			"y":-136
			},
			{
			"res":"578AA59C",
			"x":-41,
			"y":-135
			},
			{
			"res":"965B27C1",
			"x":-41,
			"y":-134
			},
			{
			"res":"708577EA",
			"x":-41,
			"y":-133
			},
			{
			"res":"6FFEF4AE",
			"x":-41,
			"y":-131
			},
			{
			"res":"6F86C443",
			"x":-41,
			"y":-129
			},
			{
			"res":"56809AE3",
			"x":-41,
			"y":-126
			},
			{
			"res":"60A7E5A0",
			"x":-41,
			"y":-123
			},
			{
			"res":"7FAB8946",
			"x":-41,
			"y":-119
			},
			{
			"res":"1F3B417D",
			"x":-41,
			"y":-115
			},
			{
			"res":"56A13387",
			"x":-41,
			"y":-111
			},
			{
			"res":"EE960823",
			"x":-41,
			"y":-106
			},
			{
			"res":"C851D9FB",
			"x":-41,
			"y":-91,
			"duration":7
			}
			]
}},
	"res":{
		"6E0FFA2":{"x":1362,"y":1,"w":152,"h":89},
		"DA5A5B41":{"x":155,"y":417,"w":152,"h":136},
		"87558D7B":{"x":1,"y":1,"w":152,"h":137},
		"E5714DB4":{"x":925,"y":326,"w":143,"h":108},
		"F019C40C":{"x":617,"y":136,"w":152,"h":131},
		"A16B2022":{"x":771,"y":493,"w":152,"h":115},
		"7FAB8946":{"x":771,"y":372,"w":152,"h":119},
		"1BA306FC":{"x":1,"y":140,"w":152,"h":137},
		"1F3B417D":{"x":771,"y":610,"w":152,"h":115},
		"965B27C1":{"x":463,"y":685,"w":152,"h":134},
		"1B016A20":{"x":309,"y":1,"w":152,"h":136},
		"60A7E5A0":{"x":771,"y":126,"w":152,"h":123},
		"D4189715":{"x":1516,"y":1,"w":149,"h":90},
		"B0ECA103":{"x":463,"y":821,"w":152,"h":133},
		"9A60179":{"x":771,"y":251,"w":152,"h":119},
		"CD10454":{"x":1,"y":279,"w":152,"h":137},
		"87116FBB":{"x":155,"y":555,"w":152,"h":136},
		"56A13387":{"x":771,"y":840,"w":152,"h":111},
		"578AA59C":{"x":463,"y":1,"w":152,"h":135},
		"B6F3A713":{"x":1072,"y":217,"w":152,"h":95},
		"4DCEDD12":{"x":155,"y":693,"w":152,"h":136},
		"708577EA":{"x":617,"y":1,"w":152,"h":133},
		"A2971E71":{"x":1,"y":418,"w":152,"h":137},
		"DF7C33A3":{"x":1212,"y":1,"w":148,"h":97},
		"6AF29885":{"x":1667,"y":1,"w":152,"h":85},
		"B08F5D44":{"x":309,"y":828,"w":152,"h":135},
		"FB008FE8":{"x":771,"y":1,"w":152,"h":123},
		"CD61CE7A":{"x":463,"y":549,"w":152,"h":134},
		"79768A41":{"x":617,"y":920,"w":152,"h":101},
		"EE960823":{"x":925,"y":1,"w":152,"h":106},
		"D2F0E653":{"x":309,"y":415,"w":152,"h":136},
		"C0B735D9":{"x":463,"y":138,"w":152,"h":135},
		"C851D9FB":{"x":1212,"y":100,"w":152,"h":91},
		"6B95E17A":{"x":463,"y":412,"w":152,"h":135},
		"708C9DD1":{"x":1821,"y":251,"w":152,"h":72},
		"B432307F":{"x":925,"y":436,"w":146,"h":103},
		"36B02121":{"x":1821,"y":1,"w":152,"h":85},
		"3DB0548":{"x":925,"y":109,"w":152,"h":106},
		"BBFFA56":{"x":617,"y":792,"w":152,"h":126},
		"B933AD":{"x":309,"y":691,"w":152,"h":135},
		"681CC124":{"x":155,"y":279,"w":152,"h":136},
		"ACD00443":{"x":1,"y":557,"w":152,"h":137},
		"E520AA25":{"x":1,"y":696,"w":152,"h":137},
		"BDF980F2":{"x":1821,"y":173,"w":151,"h":76},
		"7875176A":{"x":1070,"y":326,"w":140,"h":105},
		"56809AE3":{"x":617,"y":664,"w":152,"h":126},
		"C4529EC0":{"x":925,"y":217,"w":145,"h":107},
		"6F86C443":{"x":617,"y":402,"w":152,"h":129},
		"371F60AA":{"x":463,"y":275,"w":152,"h":135},
		"E01E95D4":{"x":617,"y":533,"w":152,"h":129},
		"56AC4F2":{"x":1667,"y":88,"w":152,"h":85},
		"A64C47F6":{"x":1,"y":835,"w":152,"h":137},
		"1AE742D5":{"x":155,"y":831,"w":152,"h":136},
		"92AEC46F":{"x":155,"y":1,"w":152,"h":137},
		"890B3E96":{"x":771,"y":727,"w":152,"h":111},
		"6FFEF4AE":{"x":617,"y":269,"w":152,"h":131},
		"B8646007":{"x":309,"y":139,"w":152,"h":136},
		"E08D7DF3":{"x":309,"y":277,"w":152,"h":136},
		"36CC1CA1":{"x":1821,"y":88,"w":150,"h":83},
		"81F3C9CD":{"x":155,"y":140,"w":152,"h":137},
		"7F5B0013":{"x":309,"y":553,"w":152,"h":136}
	}}