{"mc":{
	"gaijiaofan2":{
		"frameRate":25,
		"events":[
			
			],
		"frames":[
			
			{
			"res":"DC634DC5",
			"x":-52,
			"y":-107
			},
			{
			"res":"4C30382E",
			"x":-52,
			"y":-107
			},
			{
			"res":"8B0D5365",
			"x":-52,
			"y":-113
			},
			{
			"res":"63BCF83",
			"x":-52,
			"y":-110
			},
			{
			"res":"749ADEF4",
			"x":-52,
			"y":-108
			},
			{
			"res":"482CCDF4",
			"x":-52,
			"y":-109
			},
			{
			"res":"701B43E8",
			"x":-52,
			"y":-110
			},
			{
			"res":"3180DBB0",
			"x":-52,
			"y":-108
			},
			{
			"res":"C871F554",
			"x":-52,
			"y":-107
			},
			{
			"res":"F522B855",
			"x":-52,
			"y":-107
			},
			{
			"res":"4016A28C",
			"x":-52,
			"y":-107
			},
			{
			"res":"162C7D71",
			"x":-52,
			"y":-107
			},
			{
			"res":"C8A28490",
			"x":-52,
			"y":-117
			},
			{
			"res":"509EC203",
			"x":-52,
			"y":-131
			},
			{
			"res":"FD27E8A4",
			"x":-52,
			"y":-132
			},
			{
			"res":"3C4D0608",
			"x":-52,
			"y":-132
			},
			{
			"res":"B239627C",
			"x":-52,
			"y":-132
			},
			{
			"res":"CF275EA5",
			"x":-52,
			"y":-132
			},
			{
			"res":"A6AFDC8E",
			"x":-52,
			"y":-132
			},
			{
			"res":"252CB207",
			"x":-52,
			"y":-132
			},
			{
			"res":"E5EFBF21",
			"x":-52,
			"y":-132
			},
			{
			"res":"CE597D1D",
			"x":-52,
			"y":-132
			},
			{
			"res":"4A14EDB7",
			"x":-52,
			"y":-132
			},
			{
			"res":"B427A5DC",
			"x":-52,
			"y":-132
			},
			{
			"res":"6C0F6C74",
			"x":-52,
			"y":-132
			},
			{
			"res":"42D27321",
			"x":-52,
			"y":-132
			},
			{
			"res":"DCDE72FB",
			"x":-52,
			"y":-132
			},
			{
			"res":"76DAA31F",
			"x":-52,
			"y":-132
			},
			{
			"res":"EBB66FD9",
			"x":-52,
			"y":-132
			},
			{
			"res":"990E0823",
			"x":-52,
			"y":-132,
			"duration":9
			},
			{
			"res":"802416B2",
			"x":-52,
			"y":-132
			},
			{
			"res":"92577F7C",
			"x":-52,
			"y":-131
			},
			{
			"res":"B2C53565",
			"x":-51,
			"y":-130
			},
			{
			"res":"9E42BE6F",
			"x":-48,
			"y":-128
			},
			{
			"res":"87CDFE3E",
			"x":-45,
			"y":-125
			},
			{
			"res":"D0AC13CB",
			"x":-42,
			"y":-120
			},
			{
			"res":"BEDC4280",
			"x":-41,
			"y":-116
			},
			{
			"res":"707C1381",
			"x":-41,
			"y":-111
			},
			{
			"res":"D96015BA",
			"x":-41,
			"y":-105
			},
			{
			"res":"D59B96C9",
			"x":-41,
			"y":-98
			},
			{
			"res":"DF2806A0",
			"x":-41,
			"y":-92
			},
			{
			"res":"9256FF63",
			"x":-41,
			"y":-84
			},
			{
			"res":"3E8C148B",
			"x":-41,
			"y":-77
			},
			{
			"res":"5F22E0DB",
			"x":-41,
			"y":-73
			},
			{
			"res":"7257BD2",
			"x":-41,
			"y":-73
			},
			{
			"res":"901408F8",
			"x":-41,
			"y":-73
			},
			{
			"res":"ED218E9E",
			"x":-41,
			"y":-73
			},
			{
			"res":"6315CD41",
			"x":-41,
			"y":-73
			},
			{
			"res":"7E18C003",
			"x":-41,
			"y":-73,
			"duration":18
			}
			]
}},
	"res":{
		"BEDC4280":{"x":878,"y":518,"w":138,"h":116},
		"6C0F6C74":{"x":1,"y":1,"w":148,"h":132},
		"5F22E0DB":{"x":437,"y":859,"w":142,"h":74},
		"9256FF63":{"x":1,"y":757,"w":140,"h":84},
		"3180DBB0":{"x":450,"y":635,"w":148,"h":109},
		"7257BD2":{"x":581,"y":864,"w":142,"h":74},
		"B427A5DC":{"x":151,"y":1,"w":148,"h":132},
		"EBB66FD9":{"x":301,"y":1,"w":148,"h":132},
		"92577F7C":{"x":451,"y":1,"w":148,"h":132},
		"701B43E8":{"x":300,"y":533,"w":148,"h":110},
		"D0AC13CB":{"x":738,"y":518,"w":138,"h":120},
		"802416B2":{"x":601,"y":1,"w":148,"h":132},
		"990E0823":{"x":751,"y":1,"w":148,"h":132},
		"3E8C148B":{"x":1,"y":843,"w":141,"h":77},
		"DCDE72FB":{"x":1,"y":135,"w":148,"h":132},
		"4A14EDB7":{"x":151,"y":135,"w":148,"h":132},
		"482CCDF4":{"x":1,"y":537,"w":148,"h":109},
		"3C4D0608":{"x":301,"y":135,"w":148,"h":132},
		"ED218E9E":{"x":291,"y":855,"w":144,"h":74},
		"87CDFE3E":{"x":446,"y":403,"w":140,"h":126},
		"7E18C003":{"x":901,"y":1,"w":83,"h":74},
		"749ADEF4":{"x":600,"y":640,"w":148,"h":108},
		"FD27E8A4":{"x":451,"y":135,"w":148,"h":132},
		"CE597D1D":{"x":601,"y":135,"w":148,"h":132},
		"E5EFBF21":{"x":751,"y":135,"w":148,"h":132},
		"63BCF83":{"x":588,"y":522,"w":148,"h":111},
		"509EC203":{"x":1,"y":269,"w":148,"h":132},
		"42D27321":{"x":151,"y":269,"w":148,"h":132},
		"901408F8":{"x":741,"y":858,"w":143,"h":74},
		"D59B96C9":{"x":301,"y":645,"w":139,"h":98},
		"252CB207":{"x":301,"y":269,"w":148,"h":132},
		"8B0D5365":{"x":738,"y":403,"w":148,"h":113},
		"C8A28490":{"x":588,"y":403,"w":148,"h":117},
		"D96015BA":{"x":151,"y":536,"w":139,"h":106},
		"B2C53565":{"x":151,"y":403,"w":147,"h":131},
		"A6AFDC8E":{"x":451,"y":269,"w":148,"h":132},
		"4C30382E":{"x":301,"y":746,"w":148,"h":107},
		"162C7D71":{"x":1,"y":648,"w":148,"h":107},
		"DF2806A0":{"x":151,"y":754,"w":140,"h":92},
		"CF275EA5":{"x":601,"y":269,"w":148,"h":132},
		"DC634DC5":{"x":750,"y":749,"w":148,"h":107},
		"4016A28C":{"x":750,"y":640,"w":148,"h":107},
		"707C1381":{"x":601,"y":750,"w":138,"h":112},
		"6315CD41":{"x":144,"y":848,"w":145,"h":74},
		"F522B855":{"x":151,"y":645,"w":148,"h":107},
		"B239627C":{"x":751,"y":269,"w":148,"h":132},
		"9E42BE6F":{"x":300,"y":403,"w":144,"h":128},
		"76DAA31F":{"x":1,"y":403,"w":148,"h":132},
		"C871F554":{"x":451,"y":750,"w":148,"h":107}
	}}