{"mc":{
	"panini0":{
		"frameRate":25,
		"events":[
			
			],
		"frames":[
			
			{
			"res":"E994B6E8",
			"x":1,
			"y":-6
			},
			{
			"res":"D142FD4D",
			"x":-6,
			"y":-12
			},
			{
			"res":"E755FB40",
			"x":-13,
			"y":-18
			},
			{
			"res":"45F02F1B",
			"x":-18,
			"y":-23
			},
			{
			"res":"A960DBFB",
			"x":-23,
			"y":-27
			},
			{
			"res":"D62E45DC",
			"x":-28,
			"y":-31
			},
			{
			"res":"876CF4C",
			"x":-31,
			"y":-35
			},
			{
			"res":"943C0BF2",
			"x":-34,
			"y":-37
			},
			{
			"res":"2E91F83B",
			"x":-37,
			"y":-39
			},
			{
			"res":"933E326C",
			"x":-38,
			"y":-41
			},
			{
			"res":"105D6F64",
			"x":-39,
			"y":-42
			},
			{
			"res":"AABDD13E",
			"x":-40,
			"y":-42
			},
			{
			"res":"DDA8B546",
			"x":-39,
			"y":-41
			},
			{
			"res":"FEEF7077",
			"x":-38,
			"y":-41
			},
			{
			"res":"8EB73975",
			"x":-38,
			"y":-40
			},
			{
			"res":"4CE6EA1F",
			"x":-37,
			"y":-40
			},
			{
			"res":"CFA52700",
			"x":-37,
			"y":-39
			},
			{
			"res":"C4C9518F",
			"x":-70,
			"y":-39
			},
			{
			"res":"4F3FA011",
			"x":-70,
			"y":-39
			},
			{
			"res":"93C75259",
			"x":-70,
			"y":-39
			},
			{
			"res":"80ADDA23",
			"x":-70,
			"y":-39
			},
			{
			"res":"7AA971A5",
			"x":-70,
			"y":-39
			},
			{
			"res":"54A8E6C3",
			"x":-70,
			"y":-39
			},
			{
			"res":"DAE0172A",
			"x":-70,
			"y":-39
			},
			{
			"res":"4AFCDC61",
			"x":-70,
			"y":-39
			},
			{
			"res":"7B1B2A67",
			"x":-70,
			"y":-53
			},
			{
			"res":"A167400A",
			"x":-70,
			"y":-55
			},
			{
			"res":"157B395B",
			"x":-70,
			"y":-57
			},
			{
			"res":"C31A9688",
			"x":-70,
			"y":-67
			},
			{
			"res":"5443A1F5",
			"x":-70,
			"y":-77
			},
			{
			"res":"4A926FFE",
			"x":-70,
			"y":-88
			},
			{
			"res":"AB884C7",
			"x":-70,
			"y":-100
			},
			{
			"res":"8FD42E43",
			"x":-51,
			"y":-109
			},
			{
			"res":"F069A143",
			"x":-54,
			"y":-117
			},
			{
			"res":"F50722A1",
			"x":-58,
			"y":-114
			},
			{
			"res":"5A70CE2C",
			"x":-61,
			"y":-102
			},
			{
			"res":"E50B529D",
			"x":-65,
			"y":-86
			},
			{
			"res":"3D42E767",
			"x":-67,
			"y":-67
			},
			{
			"res":"FBA50EEE",
			"x":-70,
			"y":-49
			},
			{
			"res":"95A9D059",
			"x":-72,
			"y":-33
			},
			{
			"res":"C21E99CA",
			"x":-73,
			"y":-21
			},
			{
			"res":"C7FB6B88",
			"x":-73,
			"y":-20
			},
			{
			"res":"C854965F",
			"x":-73,
			"y":-20
			},
			{
			"res":"8730D2E7",
			"x":-73,
			"y":-20,
			"duration":16
			},
			{
			"res":"13B07E5B",
			"x":-72,
			"y":-19
			},
			{
			"res":"CFCD895F",
			"x":-72,
			"y":-19
			},
			{
			"res":"E8B9E398",
			"x":-70,
			"y":-19
			},
			{
			"res":"8404048",
			"x":-67,
			"y":-18
			},
			{
			"res":"A8FE11AA",
			"x":-64,
			"y":-17
			},
			{
			"res":"46121559",
			"x":-60,
			"y":-16
			},
			{
			"res":"E45AB3E1",
			"x":-55,
			"y":-15
			},
			{
			"res":"4DC397B7",
			"x":-50,
			"y":-14
			},
			{
			"res":"AFA6C4EE",
			"x":-43,
			"y":-12
			},
			{
			"res":"49DF235",
			"x":-36,
			"y":-11
			},
			{
			"res":"C66AD23D",
			"x":-28,
			"y":-9
			},
			{
			"res":"DC95BA95",
			"x":-20,
			"y":-7
			},
			{
			"res":"F221C67",
			"x":-11,
			"y":-5
			},
			{
			"res":"2144DF1C",
			"x":0,
			"y":0,
			"duration":18
			},
			{
			"res":"E994B6E8",
			"x":1,
			"y":-6
			},
			{
			"res":"D142FD4D",
			"x":-6,
			"y":-12
			},
			{
			"res":"E755FB40",
			"x":-13,
			"y":-18
			},
			{
			"res":"45F02F1B",
			"x":-18,
			"y":-23
			},
			{
			"res":"A960DBFB",
			"x":-23,
			"y":-27
			},
			{
			"res":"D62E45DC",
			"x":-28,
			"y":-31
			},
			{
			"res":"876CF4C",
			"x":-31,
			"y":-35
			},
			{
			"res":"943C0BF2",
			"x":-34,
			"y":-37
			},
			{
			"res":"2E91F83B",
			"x":-37,
			"y":-39
			},
			{
			"res":"933E326C",
			"x":-38,
			"y":-41
			},
			{
			"res":"105D6F64",
			"x":-39,
			"y":-42
			},
			{
			"res":"AABDD13E",
			"x":-40,
			"y":-42
			},
			{
			"res":"DDA8B546",
			"x":-39,
			"y":-41
			},
			{
			"res":"FEEF7077",
			"x":-38,
			"y":-41
			},
			{
			"res":"8EB73975",
			"x":-38,
			"y":-40
			},
			{
			"res":"4CE6EA1F",
			"x":-37,
			"y":-40
			},
			{
			"res":"CFA52700",
			"x":-37,
			"y":-39
			},
			{
			"res":"C4C9518F",
			"x":-70,
			"y":-39
			},
			{
			"res":"4F3FA011",
			"x":-70,
			"y":-39
			},
			{
			"res":"93C75259",
			"x":-70,
			"y":-39
			},
			{
			"res":"80ADDA23",
			"x":-70,
			"y":-39
			},
			{
			"res":"7AA971A5",
			"x":-70,
			"y":-39
			},
			{
			"res":"54A8E6C3",
			"x":-70,
			"y":-39
			},
			{
			"res":"DAE0172A",
			"x":-70,
			"y":-39
			},
			{
			"res":"4AFCDC61",
			"x":-70,
			"y":-39
			},
			{
			"res":"7B1B2A67",
			"x":-70,
			"y":-53
			},
			{
			"res":"A167400A",
			"x":-70,
			"y":-55
			},
			{
			"res":"157B395B",
			"x":-70,
			"y":-57
			},
			{
			"res":"C31A9688",
			"x":-70,
			"y":-67
			},
			{
			"res":"5443A1F5",
			"x":-70,
			"y":-77
			},
			{
			"res":"4A926FFE",
			"x":-70,
			"y":-88
			},
			{
			"res":"AB884C7",
			"x":-70,
			"y":-100
			},
			{
			"res":"8FD42E43",
			"x":-51,
			"y":-109
			},
			{
			"res":"F069A143",
			"x":-54,
			"y":-117
			},
			{
			"res":"F50722A1",
			"x":-58,
			"y":-114
			},
			{
			"res":"5A70CE2C",
			"x":-61,
			"y":-102
			},
			{
			"res":"E50B529D",
			"x":-65,
			"y":-86
			},
			{
			"res":"3D42E767",
			"x":-67,
			"y":-67
			},
			{
			"res":"FBA50EEE",
			"x":-70,
			"y":-49
			},
			{
			"res":"95A9D059",
			"x":-72,
			"y":-33
			},
			{
			"res":"C21E99CA",
			"x":-73,
			"y":-21
			},
			{
			"res":"C7FB6B88",
			"x":-73,
			"y":-20
			},
			{
			"res":"C854965F",
			"x":-73,
			"y":-20
			},
			{
			"res":"8730D2E7",
			"x":-73,
			"y":-20,
			"duration":16
			},
			{
			"res":"13B07E5B",
			"x":-72,
			"y":-19
			},
			{
			"res":"CFCD895F",
			"x":-72,
			"y":-19
			},
			{
			"res":"E8B9E398",
			"x":-70,
			"y":-19
			},
			{
			"res":"8404048",
			"x":-67,
			"y":-18
			},
			{
			"res":"A8FE11AA",
			"x":-64,
			"y":-17
			},
			{
			"res":"46121559",
			"x":-60,
			"y":-16
			},
			{
			"res":"E45AB3E1",
			"x":-55,
			"y":-15
			},
			{
			"res":"4DC397B7",
			"x":-50,
			"y":-14
			},
			{
			"res":"AFA6C4EE",
			"x":-43,
			"y":-12
			},
			{
			"res":"49DF235",
			"x":-36,
			"y":-11
			},
			{
			"res":"C66AD23D",
			"x":-28,
			"y":-9
			},
			{
			"res":"DC95BA95",
			"x":-20,
			"y":-7
			},
			{
			"res":"F221C67",
			"x":-11,
			"y":-5
			},
			{
			"res":"2144DF1C",
			"x":0,
			"y":0,
			"duration":18
			},
			{
			"res":"E994B6E8",
			"x":1,
			"y":-6
			},
			{
			"res":"D142FD4D",
			"x":-6,
			"y":-12
			},
			{
			"res":"E755FB40",
			"x":-13,
			"y":-18
			},
			{
			"res":"45F02F1B",
			"x":-18,
			"y":-23
			},
			{
			"res":"A960DBFB",
			"x":-23,
			"y":-27
			},
			{
			"res":"D62E45DC",
			"x":-28,
			"y":-31
			},
			{
			"res":"876CF4C",
			"x":-31,
			"y":-35
			},
			{
			"res":"943C0BF2",
			"x":-34,
			"y":-37
			},
			{
			"res":"2E91F83B",
			"x":-37,
			"y":-39
			},
			{
			"res":"933E326C",
			"x":-38,
			"y":-41
			},
			{
			"res":"105D6F64",
			"x":-39,
			"y":-42
			},
			{
			"res":"AABDD13E",
			"x":-40,
			"y":-42
			},
			{
			"res":"DDA8B546",
			"x":-39,
			"y":-41
			},
			{
			"res":"FEEF7077",
			"x":-38,
			"y":-41
			},
			{
			"res":"8EB73975",
			"x":-38,
			"y":-40
			},
			{
			"res":"4CE6EA1F",
			"x":-37,
			"y":-40
			},
			{
			"res":"CFA52700",
			"x":-37,
			"y":-39
			},
			{
			"res":"C4C9518F",
			"x":-70,
			"y":-39
			},
			{
			"res":"4F3FA011",
			"x":-70,
			"y":-39
			},
			{
			"res":"93C75259",
			"x":-70,
			"y":-39
			},
			{
			"res":"80ADDA23",
			"x":-70,
			"y":-39
			},
			{
			"res":"7AA971A5",
			"x":-70,
			"y":-39
			},
			{
			"res":"54A8E6C3",
			"x":-70,
			"y":-39
			},
			{
			"res":"DAE0172A",
			"x":-70,
			"y":-39
			},
			{
			"res":"4AFCDC61",
			"x":-70,
			"y":-39
			},
			{
			"res":"7B1B2A67",
			"x":-70,
			"y":-53
			},
			{
			"res":"A167400A",
			"x":-70,
			"y":-55
			},
			{
			"res":"157B395B",
			"x":-70,
			"y":-57
			},
			{
			"res":"C31A9688",
			"x":-70,
			"y":-67
			},
			{
			"res":"5443A1F5",
			"x":-70,
			"y":-77
			},
			{
			"res":"4A926FFE",
			"x":-70,
			"y":-88
			},
			{
			"res":"AB884C7",
			"x":-70,
			"y":-100
			},
			{
			"res":"8FD42E43",
			"x":-51,
			"y":-109
			},
			{
			"res":"F069A143",
			"x":-54,
			"y":-117
			},
			{
			"res":"F50722A1",
			"x":-58,
			"y":-114
			},
			{
			"res":"5A70CE2C",
			"x":-61,
			"y":-102
			},
			{
			"res":"E50B529D",
			"x":-65,
			"y":-86
			},
			{
			"res":"3D42E767",
			"x":-67,
			"y":-67
			},
			{
			"res":"FBA50EEE",
			"x":-70,
			"y":-49
			},
			{
			"res":"95A9D059",
			"x":-72,
			"y":-33
			},
			{
			"res":"C21E99CA",
			"x":-73,
			"y":-21
			},
			{
			"res":"C7FB6B88",
			"x":-73,
			"y":-20
			},
			{
			"res":"C854965F",
			"x":-73,
			"y":-20
			},
			{
			"res":"8730D2E7",
			"x":-73,
			"y":-20,
			"duration":16
			},
			{
			"res":"13B07E5B",
			"x":-72,
			"y":-19
			},
			{
			"res":"CFCD895F",
			"x":-72,
			"y":-19
			},
			{
			"res":"E8B9E398",
			"x":-70,
			"y":-19
			},
			{
			"res":"8404048",
			"x":-67,
			"y":-18
			},
			{
			"res":"A8FE11AA",
			"x":-64,
			"y":-17
			},
			{
			"res":"46121559",
			"x":-60,
			"y":-16
			},
			{
			"res":"E45AB3E1",
			"x":-55,
			"y":-15
			},
			{
			"res":"4DC397B7",
			"x":-50,
			"y":-14
			},
			{
			"res":"AFA6C4EE",
			"x":-43,
			"y":-12
			},
			{
			"res":"49DF235",
			"x":-36,
			"y":-11
			},
			{
			"res":"C66AD23D",
			"x":-28,
			"y":-9
			},
			{
			"res":"DC95BA95",
			"x":-20,
			"y":-7
			},
			{
			"res":"F221C67",
			"x":-11,
			"y":-5
			},
			{
			"res":"2144DF1C",
			"x":0,
			"y":0,
			"duration":18
			},
			{
			"res":"E994B6E8",
			"x":1,
			"y":-6
			},
			{
			"res":"D142FD4D",
			"x":-6,
			"y":-12
			},
			{
			"res":"E755FB40",
			"x":-13,
			"y":-18
			},
			{
			"res":"45F02F1B",
			"x":-18,
			"y":-23
			},
			{
			"res":"A960DBFB",
			"x":-23,
			"y":-27
			},
			{
			"res":"D62E45DC",
			"x":-28,
			"y":-31
			},
			{
			"res":"876CF4C",
			"x":-31,
			"y":-35
			},
			{
			"res":"943C0BF2",
			"x":-34,
			"y":-37
			},
			{
			"res":"2E91F83B",
			"x":-37,
			"y":-39
			},
			{
			"res":"933E326C",
			"x":-38,
			"y":-41
			},
			{
			"res":"105D6F64",
			"x":-39,
			"y":-42
			},
			{
			"res":"AABDD13E",
			"x":-40,
			"y":-42
			},
			{
			"res":"DDA8B546",
			"x":-39,
			"y":-41
			},
			{
			"res":"FEEF7077",
			"x":-38,
			"y":-41
			},
			{
			"res":"8EB73975",
			"x":-38,
			"y":-40
			},
			{
			"res":"4CE6EA1F",
			"x":-37,
			"y":-40
			},
			{
			"res":"CFA52700",
			"x":-37,
			"y":-39
			},
			{
			"res":"C4C9518F",
			"x":-70,
			"y":-39
			},
			{
			"res":"4F3FA011",
			"x":-70,
			"y":-39
			},
			{
			"res":"93C75259",
			"x":-70,
			"y":-39
			},
			{
			"res":"80ADDA23",
			"x":-70,
			"y":-39
			},
			{
			"res":"7AA971A5",
			"x":-70,
			"y":-39
			},
			{
			"res":"54A8E6C3",
			"x":-70,
			"y":-39
			},
			{
			"res":"DAE0172A",
			"x":-70,
			"y":-39
			},
			{
			"res":"4AFCDC61",
			"x":-70,
			"y":-39
			},
			{
			"res":"7B1B2A67",
			"x":-70,
			"y":-53
			},
			{
			"res":"A167400A",
			"x":-70,
			"y":-55
			},
			{
			"res":"157B395B",
			"x":-70,
			"y":-57
			},
			{
			"res":"C31A9688",
			"x":-70,
			"y":-67
			},
			{
			"res":"5443A1F5",
			"x":-70,
			"y":-77
			},
			{
			"res":"4A926FFE",
			"x":-70,
			"y":-88
			},
			{
			"res":"AB884C7",
			"x":-70,
			"y":-100
			},
			{
			"res":"8FD42E43",
			"x":-51,
			"y":-109
			},
			{
			"res":"F069A143",
			"x":-54,
			"y":-117
			},
			{
			"res":"F50722A1",
			"x":-58,
			"y":-114
			},
			{
			"res":"5A70CE2C",
			"x":-61,
			"y":-102
			},
			{
			"res":"E50B529D",
			"x":-65,
			"y":-86
			},
			{
			"res":"3D42E767",
			"x":-67,
			"y":-67
			},
			{
			"res":"FBA50EEE",
			"x":-70,
			"y":-49
			},
			{
			"res":"95A9D059",
			"x":-72,
			"y":-33
			},
			{
			"res":"C21E99CA",
			"x":-73,
			"y":-21
			},
			{
			"res":"C7FB6B88",
			"x":-73,
			"y":-20
			},
			{
			"res":"C854965F",
			"x":-73,
			"y":-20
			},
			{
			"res":"8730D2E7",
			"x":-73,
			"y":-20,
			"duration":10
			}
			]
}},
	"res":{
		"8404048":{"x":475,"y":268,"w":146,"h":19},
		"46121559":{"x":143,"y":285,"w":132,"h":17},
		"C4C9518F":{"x":370,"y":199,"w":121,"h":39},
		"FBA50EEE":{"x":496,"y":112,"w":158,"h":49},
		"4F3FA011":{"x":247,"y":175,"w":121,"h":39},
		"E45AB3E1":{"x":899,"y":282,"w":122,"h":15},
		"4A926FFE":{"x":754,"y":1,"w":121,"h":88},
		"CFA52700":{"x":1,"y":205,"w":89,"h":40},
		"3D42E767":{"x":754,"y":91,"w":154,"h":67},
		"C66AD23D":{"x":393,"y":285,"w":70,"h":10},
		"A960DBFB":{"x":277,"y":285,"w":61,"h":27},
		"E50B529D":{"x":373,"y":1,"w":147,"h":86},
		"D142FD4D":{"x":910,"y":125,"w":27,"h":12},
		"5443A1F5":{"x":877,"y":1,"w":121,"h":77},
		"8EB73975":{"x":927,"y":201,"w":91,"h":41},
		"4CE6EA1F":{"x":92,"y":215,"w":89,"h":40},
		"FEEF7077":{"x":493,"y":204,"w":91,"h":41},
		"A8FE11AA":{"x":1,"y":279,"w":140,"h":18},
		"DDA8B546":{"x":739,"y":201,"w":93,"h":42},
		"5A70CE2C":{"x":1,"y":1,"w":136,"h":102},
		"AABDD13E":{"x":910,"y":80,"w":95,"h":43},
		"E994B6E8":{"x":1000,"y":1,"w":14,"h":7},
		"105D6F64":{"x":656,"y":112,"w":93,"h":43},
		"933E326C":{"x":834,"y":201,"w":91,"h":42},
		"F221C67":{"x":496,"y":103,"w":36,"h":6},
		"E8B9E398":{"x":746,"y":267,"w":151,"h":20},
		"2E91F83B":{"x":183,"y":216,"w":89,"h":40},
		"F50722A1":{"x":139,"y":1,"w":121,"h":114},
		"8730D2E7":{"x":274,"y":240,"w":158,"h":21},
		"D62E45DC":{"x":940,"y":165,"w":71,"h":32},
		"CFCD895F":{"x":318,"y":263,"w":155,"h":20},
		"45F02F1B":{"x":340,"y":285,"w":51,"h":24},
		"943C0BF2":{"x":940,"y":125,"w":83,"h":38},
		"876CF4C":{"x":927,"y":244,"w":77,"h":36},
		"C854965F":{"x":1,"y":257,"w":157,"h":20},
		"F069A143":{"x":262,"y":1,"w":109,"h":117},
		"13B07E5B":{"x":160,"y":263,"w":156,"h":20},
		"4AFCDC61":{"x":370,"y":158,"w":121,"h":39},
		"C7FB6B88":{"x":746,"y":245,"w":158,"h":20},
		"DAE0172A":{"x":493,"y":163,"w":121,"h":39},
		"49DF235":{"x":274,"y":216,"w":85,"h":12},
		"C31A9688":{"x":373,"y":89,"w":121,"h":67},
		"54A8E6C3":{"x":616,"y":195,"w":121,"h":39},
		"E755FB40":{"x":535,"y":247,"w":41,"h":19},
		"8FD42E43":{"x":646,"y":1,"w":106,"h":109},
		"157B395B":{"x":1,"y":105,"w":121,"h":57},
		"2144DF1C":{"x":1016,"y":1,"w":1,"h":1},
		"7AA971A5":{"x":817,"y":160,"w":121,"h":39},
		"AFA6C4EE":{"x":434,"y":247,"w":99,"h":13},
		"A167400A":{"x":124,"y":117,"w":121,"h":55},
		"80ADDA23":{"x":1,"y":164,"w":121,"h":39},
		"C21E99CA":{"x":586,"y":245,"w":158,"h":21},
		"93C75259":{"x":124,"y":174,"w":121,"h":39},
		"AB884C7":{"x":522,"y":1,"w":122,"h":100},
		"4DC397B7":{"x":623,"y":268,"w":112,"h":15},
		"DC95BA95":{"x":274,"y":230,"w":54,"h":8},
		"7B1B2A67":{"x":247,"y":120,"w":121,"h":53},
		"95A9D059":{"x":656,"y":160,"w":159,"h":33}
	}}