{"mc":{
	"paniniDown":{
		"frameRate":25,
		"events":[
			
			],
		"frames":[
			
			{
			"res":"AC86E26C",
			"x":-50,
			"y":-742
			},
			{
			"res":"C3A4F1B9",
			"x":-50,
			"y":-715
			},
			{
			"res":"F3B0E1C5",
			"x":-50,
			"y":-690
			},
			{
			"res":"654677C8",
			"x":-50,
			"y":-666
			},
			{
			"res":"ED291717",
			"x":-50,
			"y":-645
			},
			{
			"res":"2F5AE43",
			"x":-50,
			"y":-625
			},
			{
			"res":"8B04CA47",
			"x":-50,
			"y":-607
			},
			{
			"res":"BDCDD6F9",
			"x":-51,
			"y":-590
			},
			{
			"res":"BA20C0D5",
			"x":-51,
			"y":-575
			},
			{
			"res":"CD54D653",
			"x":-52,
			"y":-562
			},
			{
			"res":"AC2DAC8C",
			"x":-52,
			"y":-551
			},
			{
			"res":"296C8B00",
			"x":-52,
			"y":-541
			},
			{
			"res":"589BCA54",
			"x":-53,
			"y":-534
			},
			{
			"res":"554B798E",
			"x":-53,
			"y":-528
			},
			{
			"res":"AF9D39BE",
			"x":-53,
			"y":-523
			},
			{
			"res":"A83A8FB9",
			"x":-53,
			"y":-521
			},
			{
			"res":"E08ADA60",
			"x":-53,
			"y":-520
			},
			{
			"res":"703F4EE5",
			"x":-53,
			"y":-520
			},
			{
			"res":"B7B2ADFA",
			"x":-53,
			"y":-520
			},
			{
			"res":"DE117A3F",
			"x":-53,
			"y":-520
			},
			{
			"res":"41F6F1B8",
			"x":-53,
			"y":-520,
			"duration":9
			},
			{
			"res":"DE117A3F",
			"x":-53,
			"y":-520,
			"duration":25
			}
			]
}},
	"res":{
		"E08ADA60":{"x":435,"y":0,"w":106,"h":521},
		"654677C8":{"x":720,"y":524,"w":99,"h":523},
		"41F6F1B8":{"x":0,"y":0,"w":107,"h":521},
		"AC2DAC8C":{"x":0,"y":1046,"w":103,"h":522},
		"8B04CA47":{"x":518,"y":523,"w":99,"h":523},
		"CD54D653":{"x":105,"y":1046,"w":103,"h":522},
		"F3B0E1C5":{"x":417,"y":523,"w":99,"h":523},
		"589BCA54":{"x":866,"y":0,"w":105,"h":522},
		"A83A8FB9":{"x":543,"y":0,"w":106,"h":521},
		"AF9D39BE":{"x":327,"y":0,"w":106,"h":521},
		"2F5AE43":{"x":210,"y":1047,"w":99,"h":523},
		"DE117A3F":{"x":109,"y":0,"w":107,"h":521},
		"B7B2ADFA":{"x":218,"y":0,"w":107,"h":521},
		"C3A4F1B9":{"x":821,"y":524,"w":99,"h":523},
		"554B798E":{"x":759,"y":0,"w":105,"h":522},
		"296C8B00":{"x":0,"y":523,"w":104,"h":521},
		"ED291717":{"x":311,"y":1047,"w":99,"h":523},
		"BDCDD6F9":{"x":314,"y":523,"w":101,"h":522},
		"AC86E26C":{"x":619,"y":523,"w":99,"h":523},
		"BA20C0D5":{"x":210,"y":523,"w":102,"h":522},
		"703F4EE5":{"x":651,"y":0,"w":106,"h":521}
	}}