{"mc":{
	"sela0":{
		"frameRate":25,
		"events":[
			
			],
		"frames":[
			
			{
			"res":"AF53BBC1",
			"x":-49,
			"y":-88
			},
			{
			"res":"57894203",
			"x":-73,
			"y":-102
			},
			{
			"res":"92BC8C64",
			"x":-73,
			"y":-108
			},
			{
			"res":"574F3BE9",
			"x":-73,
			"y":-107
			},
			{
			"res":"C7C2F2A1",
			"x":-73,
			"y":-105
			},
			{
			"res":"685D5A10",
			"x":-73,
			"y":-111
			},
			{
			"res":"494102B3",
			"x":-73,
			"y":-124
			},
			{
			"res":"C83FAB57",
			"x":-73,
			"y":-132
			},
			{
			"res":"36D51460",
			"x":-73,
			"y":-132
			},
			{
			"res":"D1AB54E1",
			"x":-73,
			"y":-133
			},
			{
			"res":"4F2A82C6",
			"x":-73,
			"y":-134
			},
			{
			"res":"76D5AA29",
			"x":-73,
			"y":-134
			},
			{
			"res":"1ECF1805",
			"x":-73,
			"y":-134
			},
			{
			"res":"E9AF498",
			"x":-73,
			"y":-134
			},
			{
			"res":"EB49FFB8",
			"x":-73,
			"y":-134
			},
			{
			"res":"333566A2",
			"x":-73,
			"y":-134
			},
			{
			"res":"6B9B565",
			"x":-71,
			"y":-130
			},
			{
			"res":"FF6AD055",
			"x":-69,
			"y":-125
			},
			{
			"res":"1B0B0A89",
			"x":-68,
			"y":-125
			},
			{
			"res":"E4F9C62E",
			"x":-67,
			"y":-125
			},
			{
			"res":"8DDDCD6F",
			"x":-67,
			"y":-125
			},
			{
			"res":"32AA1BA5",
			"x":-67,
			"y":-125
			},
			{
			"res":"8742FB55",
			"x":-67,
			"y":-125
			},
			{
			"res":"FBA8E2F7",
			"x":-67,
			"y":-125
			},
			{
			"res":"5CC1ECFD",
			"x":-67,
			"y":-125
			},
			{
			"res":"1B70CA02",
			"x":-67,
			"y":-125
			},
			{
			"res":"11E3D6B1",
			"x":-67,
			"y":-125
			},
			{
			"res":"2A216722",
			"x":-67,
			"y":-125
			},
			{
			"res":"DC88FEC",
			"x":-67,
			"y":-125
			},
			{
			"res":"34B55E97",
			"x":-67,
			"y":-125
			},
			{
			"res":"837FDB64",
			"x":-67,
			"y":-125
			},
			{
			"res":"308AD7E7",
			"x":-67,
			"y":-125
			},
			{
			"res":"471E78D2",
			"x":-67,
			"y":-125,
			"duration":14
			},
			{
			"res":"41646229",
			"x":-73,
			"y":-124
			},
			{
			"res":"6EF9BC34",
			"x":-73,
			"y":-113
			},
			{
			"res":"61360550",
			"x":-73,
			"y":-104
			},
			{
			"res":"26E2F315",
			"x":-73,
			"y":-99
			},
			{
			"res":"E4CD0E9F",
			"x":-73,
			"y":-95
			},
			{
			"res":"FF1560A1",
			"x":-73,
			"y":-94
			},
			{
			"res":"184FD652",
			"x":-73,
			"y":-94
			},
			{
			"res":"1D44CF62",
			"x":-73,
			"y":-94
			},
			{
			"res":"5EE4CDAD",
			"x":-49,
			"y":-88
			},
			{
			"res":"B565AA41",
			"x":-49,
			"y":-88
			},
			{
			"res":"4ADEFAF1",
			"x":-49,
			"y":-88
			},
			{
			"res":"AD6E803C",
			"x":-49,
			"y":-88
			},
			{
			"res":"AD6D8941",
			"x":-49,
			"y":-88
			},
			{
			"res":"7210C006",
			"x":-49,
			"y":-88
			},
			{
			"res":"11887F6D",
			"x":-49,
			"y":-88,
			"duration":28
			},
			{
			"res":"DB1F4335",
			"x":-49,
			"y":-88
			},
			{
			"res":"AF53BBC1",
			"x":-49,
			"y":-88
			},
			{
			"res":"57894203",
			"x":-73,
			"y":-102
			},
			{
			"res":"A812CDB0",
			"x":-73,
			"y":-108
			},
			{
			"res":"4968A1CD",
			"x":-73,
			"y":-107
			},
			{
			"res":"B51AB338",
			"x":-73,
			"y":-105
			},
			{
			"res":"395B4527",
			"x":-73,
			"y":-110
			},
			{
			"res":"94F4211B",
			"x":-73,
			"y":-124
			},
			{
			"res":"5A1AB9C3",
			"x":-73,
			"y":-132
			},
			{
			"res":"667F1A0F",
			"x":-73,
			"y":-132
			},
			{
			"res":"5A70CA76",
			"x":-73,
			"y":-133
			},
			{
			"res":"E44A45A",
			"x":-73,
			"y":-133
			},
			{
			"res":"7569B169",
			"x":-73,
			"y":-133
			},
			{
			"res":"655E7F7D",
			"x":-73,
			"y":-134
			},
			{
			"res":"17ADE0F6",
			"x":-73,
			"y":-134
			},
			{
			"res":"E8FD280A",
			"x":-73,
			"y":-134
			},
			{
			"res":"573E8172",
			"x":-73,
			"y":-134
			},
			{
			"res":"8F8D2815",
			"x":-71,
			"y":-130
			},
			{
			"res":"6E5C25AC",
			"x":-69,
			"y":-125
			},
			{
			"res":"F9B40525",
			"x":-68,
			"y":-125
			},
			{
			"res":"C51218B8",
			"x":-67,
			"y":-125
			},
			{
			"res":"3F15C47A",
			"x":-67,
			"y":-125
			},
			{
			"res":"7756BBE8",
			"x":-67,
			"y":-125
			},
			{
			"res":"33D6CC09",
			"x":-67,
			"y":-125
			},
			{
			"res":"FC9C9258",
			"x":-67,
			"y":-125
			},
			{
			"res":"D787F616",
			"x":-67,
			"y":-125
			},
			{
			"res":"DF0FD99B",
			"x":-67,
			"y":-125
			},
			{
			"res":"11E3D6B1",
			"x":-67,
			"y":-125
			},
			{
			"res":"2A216722",
			"x":-67,
			"y":-125
			},
			{
			"res":"DC88FEC",
			"x":-67,
			"y":-125
			},
			{
			"res":"34B55E97",
			"x":-67,
			"y":-125
			},
			{
			"res":"837FDB64",
			"x":-67,
			"y":-125
			},
			{
			"res":"308AD7E7",
			"x":-67,
			"y":-125
			},
			{
			"res":"471E78D2",
			"x":-67,
			"y":-125,
			"duration":14
			},
			{
			"res":"41646229",
			"x":-73,
			"y":-124
			},
			{
			"res":"6EF9BC34",
			"x":-73,
			"y":-113
			},
			{
			"res":"61360550",
			"x":-73,
			"y":-104
			},
			{
			"res":"26E2F315",
			"x":-73,
			"y":-99
			},
			{
			"res":"E4CD0E9F",
			"x":-73,
			"y":-95
			},
			{
			"res":"FF1560A1",
			"x":-73,
			"y":-94
			},
			{
			"res":"184FD652",
			"x":-73,
			"y":-94
			},
			{
			"res":"1D44CF62",
			"x":-73,
			"y":-94
			},
			{
			"res":"5EE4CDAD",
			"x":-49,
			"y":-88
			},
			{
			"res":"B565AA41",
			"x":-49,
			"y":-88
			},
			{
			"res":"4ADEFAF1",
			"x":-49,
			"y":-88
			},
			{
			"res":"AD6E803C",
			"x":-49,
			"y":-88
			},
			{
			"res":"AD6D8941",
			"x":-49,
			"y":-88
			},
			{
			"res":"7210C006",
			"x":-49,
			"y":-88
			},
			{
			"res":"11887F6D",
			"x":-49,
			"y":-88,
			"duration":12
			},
			{
			"res":"7C82D5D6",
			"x":-49,
			"y":-88,
			"duration":16
			},
			{
			"res":"B615E98E",
			"x":-49,
			"y":-88
			},
			{
			"res":"AA94DEFB",
			"x":-49,
			"y":-88
			},
			{
			"res":"8CB138C6",
			"x":-73,
			"y":-102
			},
			{
			"res":"BA045B0",
			"x":-73,
			"y":-108
			},
			{
			"res":"912A3359",
			"x":-73,
			"y":-107
			},
			{
			"res":"BAA4B184",
			"x":-73,
			"y":-105
			},
			{
			"res":"CA97F1B9",
			"x":-73,
			"y":-110
			},
			{
			"res":"C9A589FB",
			"x":-73,
			"y":-124
			},
			{
			"res":"EA38CBB8",
			"x":-73,
			"y":-132
			},
			{
			"res":"ADC5D107",
			"x":-73,
			"y":-132
			},
			{
			"res":"A301884A",
			"x":-73,
			"y":-133
			},
			{
			"res":"B3347E24",
			"x":-73,
			"y":-133
			},
			{
			"res":"5FD73B03",
			"x":-73,
			"y":-133
			},
			{
			"res":"16C3A0EE",
			"x":-73,
			"y":-134
			},
			{
			"res":"CEA52690",
			"x":-73,
			"y":-134
			},
			{
			"res":"D48B903",
			"x":-73,
			"y":-134
			},
			{
			"res":"437B3C79",
			"x":-73,
			"y":-134
			},
			{
			"res":"E165DC1D",
			"x":-71,
			"y":-130
			},
			{
			"res":"569512CD",
			"x":-69,
			"y":-125
			},
			{
			"res":"FDAA7CE9",
			"x":-68,
			"y":-125
			},
			{
			"res":"6A538721",
			"x":-67,
			"y":-125
			},
			{
			"res":"90545BE3",
			"x":-67,
			"y":-125
			},
			{
			"res":"D8172471",
			"x":-67,
			"y":-125
			},
			{
			"res":"9C975390",
			"x":-67,
			"y":-125
			},
			{
			"res":"53DD0DC1",
			"x":-67,
			"y":-125
			},
			{
			"res":"78C6698F",
			"x":-67,
			"y":-125
			},
			{
			"res":"704E4602",
			"x":-67,
			"y":-125
			},
			{
			"res":"BEA24928",
			"x":-67,
			"y":-125
			},
			{
			"res":"8560F8BB",
			"x":-67,
			"y":-125
			},
			{
			"res":"A2891075",
			"x":-67,
			"y":-125
			},
			{
			"res":"9BF4C10E",
			"x":-67,
			"y":-125
			},
			{
			"res":"2C3E44FD",
			"x":-67,
			"y":-125
			},
			{
			"res":"9FCB487E",
			"x":-67,
			"y":-125
			},
			{
			"res":"E85FE74B",
			"x":-67,
			"y":-125,
			"duration":14
			},
			{
			"res":"986CA44F",
			"x":-73,
			"y":-124
			},
			{
			"res":"FFE86DBA",
			"x":-73,
			"y":-113
			},
			{
			"res":"76F9275C",
			"x":-73,
			"y":-104
			},
			{
			"res":"7BB35BF5",
			"x":-73,
			"y":-99
			},
			{
			"res":"20323E47",
			"x":-73,
			"y":-95
			},
			{
			"res":"7A6680AF",
			"x":-73,
			"y":-94
			},
			{
			"res":"48397423",
			"x":-73,
			"y":-94
			},
			{
			"res":"8E911461",
			"x":-73,
			"y":-94
			},
			{
			"res":"225B540E",
			"x":-49,
			"y":-88
			},
			{
			"res":"F34AB12D",
			"x":-49,
			"y":-88
			},
			{
			"res":"FD418784",
			"x":-49,
			"y":-88
			},
			{
			"res":"2C987611",
			"x":-49,
			"y":-88
			},
			{
			"res":"A939F96A",
			"x":-49,
			"y":-88
			},
			{
			"res":"859E98C",
			"x":-49,
			"y":-88
			},
			{
			"res":"7C82D5D6",
			"x":-49,
			"y":-88,
			"duration":28
			},
			{
			"res":"B615E98E",
			"x":-49,
			"y":-88
			},
			{
			"res":"AA94DEFB",
			"x":-49,
			"y":-88
			},
			{
			"res":"8CB138C6",
			"x":-73,
			"y":-102
			},
			{
			"res":"BA045B0",
			"x":-73,
			"y":-108
			},
			{
			"res":"912A3359",
			"x":-73,
			"y":-107
			},
			{
			"res":"BAA4B184",
			"x":-73,
			"y":-105
			},
			{
			"res":"CA97F1B9",
			"x":-73,
			"y":-110
			},
			{
			"res":"C9A589FB",
			"x":-73,
			"y":-124
			},
			{
			"res":"EA38CBB8",
			"x":-73,
			"y":-132
			},
			{
			"res":"ADC5D107",
			"x":-73,
			"y":-132
			},
			{
			"res":"A301884A",
			"x":-73,
			"y":-133
			},
			{
			"res":"B3347E24",
			"x":-73,
			"y":-133
			},
			{
			"res":"5FD73B03",
			"x":-73,
			"y":-133
			},
			{
			"res":"16C3A0EE",
			"x":-73,
			"y":-134
			},
			{
			"res":"CEA52690",
			"x":-73,
			"y":-134
			},
			{
			"res":"D48B903",
			"x":-73,
			"y":-134
			},
			{
			"res":"437B3C79",
			"x":-73,
			"y":-134
			},
			{
			"res":"E165DC1D",
			"x":-71,
			"y":-130
			},
			{
			"res":"569512CD",
			"x":-69,
			"y":-125
			},
			{
			"res":"FDAA7CE9",
			"x":-68,
			"y":-125
			},
			{
			"res":"6A538721",
			"x":-67,
			"y":-125
			},
			{
			"res":"90545BE3",
			"x":-67,
			"y":-125
			},
			{
			"res":"D8172471",
			"x":-67,
			"y":-125
			},
			{
			"res":"9C975390",
			"x":-67,
			"y":-125
			},
			{
			"res":"53DD0DC1",
			"x":-67,
			"y":-125
			},
			{
			"res":"78C6698F",
			"x":-67,
			"y":-125
			},
			{
			"res":"704E4602",
			"x":-67,
			"y":-125
			},
			{
			"res":"BEA24928",
			"x":-67,
			"y":-125
			},
			{
			"res":"7458B5A8",
			"x":-67,
			"y":-125
			},
			{
			"res":"8C5A615C",
			"x":-67,
			"y":-125
			},
			{
			"res":"9293E4D2",
			"x":-67,
			"y":-125
			},
			{
			"res":"25596121",
			"x":-67,
			"y":-125
			},
			{
			"res":"96AC6DA2",
			"x":-67,
			"y":-125,
			"duration":15
			},
			{
			"res":"B12D6516",
			"x":-73,
			"y":-124
			},
			{
			"res":"86E77002",
			"x":-73,
			"y":-113
			},
			{
			"res":"A61D9B39",
			"x":-73,
			"y":-104
			},
			{
			"res":"3D983EA5",
			"x":-73,
			"y":-98
			},
			{
			"res":"C7307297",
			"x":-73,
			"y":-95
			},
			{
			"res":"E6BD671",
			"x":-73,
			"y":-93
			},
			{
			"res":"C750C45C",
			"x":-73,
			"y":-93
			},
			{
			"res":"144EE1F6",
			"x":-73,
			"y":-93
			},
			{
			"res":"671AECA0",
			"x":-49,
			"y":-88
			}
			]
}},
	"res":{
		"57894203":{"x":1,"y":1033,"w":172,"h":102},
		"48397423":{"x":1555,"y":1133,"w":172,"h":94},
		"41646229":{"x":349,"y":273,"w":172,"h":124},
		"61360550":{"x":1207,"y":1027,"w":172,"h":104},
		"25596121":{"x":673,"y":533,"w":166,"h":125},
		"859E98C":{"x":523,"y":1233,"w":148,"h":88},
		"225B540E":{"x":871,"y":1325,"w":148,"h":88},
		"9C975390":{"x":673,"y":660,"w":166,"h":125},
		"5A1AB9C3":{"x":1741,"y":271,"w":172,"h":132},
		"685D5A10":{"x":1699,"y":913,"w":172,"h":111},
		"667F1A0F":{"x":1741,"y":137,"w":172,"h":132},
		"494102B3":{"x":175,"y":273,"w":172,"h":124},
		"8560F8BB":{"x":1345,"y":658,"w":166,"h":125},
		"5A70CA76":{"x":523,"y":137,"w":172,"h":133},
		"671AECA0":{"x":301,"y":1234,"w":148,"h":88},
		"C83FAB57":{"x":523,"y":272,"w":172,"h":132},
		"C7C2F2A1":{"x":337,"y":1026,"w":172,"h":105},
		"D787F616":{"x":337,"y":652,"w":166,"h":125},
		"E4CD0E9F":{"x":1045,"y":1133,"w":172,"h":95},
		"144EE1F6":{"x":1045,"y":1230,"w":172,"h":93},
		"36D51460":{"x":697,"y":272,"w":172,"h":132},
		"E44A45A":{"x":1567,"y":137,"w":172,"h":133},
		"2C3E44FD":{"x":1177,"y":785,"w":166,"h":125},
		"A2891075":{"x":1365,"y":531,"w":166,"h":125},
		"655E7F7D":{"x":1,"y":1,"w":172,"h":134},
		"7569B169":{"x":697,"y":137,"w":172,"h":133},
		"D1AB54E1":{"x":871,"y":137,"w":172,"h":133},
		"53DD0DC1":{"x":505,"y":660,"w":166,"h":125},
		"17ADE0F6":{"x":175,"y":1,"w":172,"h":134},
		"574F3BE9":{"x":859,"y":1024,"w":172,"h":107},
		"FDAA7CE9":{"x":523,"y":406,"w":167,"h":125},
		"9FCB487E":{"x":1,"y":525,"w":166,"h":125},
		"4F2A82C6":{"x":349,"y":1,"w":172,"h":134},
		"9BF4C10E":{"x":1869,"y":532,"w":166,"h":125},
		"569512CD":{"x":1389,"y":404,"w":168,"h":125},
		"573E8172":{"x":523,"y":1,"w":172,"h":134},
		"E8FD280A":{"x":697,"y":1,"w":172,"h":134},
		"8F8D2815":{"x":1219,"y":272,"w":170,"h":130},
		"D48B903":{"x":871,"y":1,"w":172,"h":134},
		"92BC8C64":{"x":859,"y":914,"w":172,"h":108},
		"76D5AA29":{"x":1045,"y":1,"w":172,"h":134},
		"1ECF1805":{"x":1219,"y":1,"w":172,"h":134},
		"FC9C9258":{"x":1197,"y":531,"w":166,"h":125},
		"26E2F315":{"x":175,"y":1133,"w":172,"h":99},
		"E9AF498":{"x":1393,"y":1,"w":172,"h":134},
		"6E5C25AC":{"x":1559,"y":404,"w":168,"h":125},
		"E85FE74B":{"x":505,"y":533,"w":166,"h":125},
		"CEA52690":{"x":1567,"y":1,"w":172,"h":134},
		"78C6698F":{"x":169,"y":652,"w":166,"h":125},
		"F9B40525":{"x":692,"y":406,"w":167,"h":125},
		"EB49FFB8":{"x":1741,"y":1,"w":172,"h":134},
		"E165DC1D":{"x":1391,"y":272,"w":170,"h":130},
		"C750C45C":{"x":1219,"y":1230,"w":172,"h":93},
		"16C3A0EE":{"x":1,"y":137,"w":172,"h":134},
		"8C5A615C":{"x":169,"y":779,"w":166,"h":125},
		"333566A2":{"x":175,"y":137,"w":172,"h":134},
		"C51218B8":{"x":861,"y":406,"w":166,"h":125},
		"E6BD671":{"x":871,"y":1230,"w":172,"h":93},
		"7458B5A8":{"x":1029,"y":406,"w":166,"h":125},
		"6B9B565":{"x":1563,"y":272,"w":170,"h":130},
		"3F15C47A":{"x":169,"y":525,"w":166,"h":125},
		"9293E4D2":{"x":337,"y":525,"w":166,"h":125},
		"5FD73B03":{"x":1045,"y":137,"w":172,"h":133},
		"94F4211B":{"x":1,"y":273,"w":172,"h":124},
		"7756BBE8":{"x":1533,"y":531,"w":166,"h":125},
		"4968A1CD":{"x":685,"y":1024,"w":172,"h":107},
		"33D6CC09":{"x":1701,"y":532,"w":166,"h":125},
		"6EF9BC34":{"x":1177,"y":912,"w":172,"h":113},
		"3D983EA5":{"x":523,"y":1133,"w":172,"h":98},
		"AF53BBC1":{"x":1741,"y":1236,"w":148,"h":88},
		"FF6AD055":{"x":1219,"y":404,"w":168,"h":125},
		"1B0B0A89":{"x":1729,"y":405,"w":167,"h":125},
		"B3347E24":{"x":1219,"y":137,"w":172,"h":133},
		"C7307297":{"x":871,"y":1133,"w":172,"h":95},
		"E4F9C62E":{"x":841,"y":533,"w":166,"h":125},
		"704E4602":{"x":1009,"y":533,"w":166,"h":125},
		"8DDDCD6F":{"x":1,"y":652,"w":166,"h":125},
		"A301884A":{"x":1393,"y":137,"w":172,"h":133},
		"437B3C79":{"x":349,"y":137,"w":172,"h":134},
		"A61D9B39":{"x":1381,"y":1028,"w":172,"h":104},
		"96AC6DA2":{"x":1177,"y":658,"w":166,"h":125},
		"ADC5D107":{"x":871,"y":272,"w":172,"h":132},
		"32AA1BA5":{"x":1513,"y":658,"w":166,"h":125},
		"BEA24928":{"x":1681,"y":659,"w":166,"h":125},
		"8742FB55":{"x":1849,"y":659,"w":166,"h":125},
		"86E77002":{"x":1351,"y":912,"w":172,"h":113},
		"EA38CBB8":{"x":1045,"y":272,"w":172,"h":132},
		"986CA44F":{"x":1,"y":399,"w":172,"h":124},
		"FBA8E2F7":{"x":841,"y":660,"w":166,"h":125},
		"6A538721":{"x":1009,"y":660,"w":166,"h":125},
		"5CC1ECFD":{"x":1,"y":779,"w":166,"h":125},
		"7C82D5D6":{"x":1321,"y":1325,"w":148,"h":88},
		"C9A589FB":{"x":175,"y":399,"w":172,"h":124},
		"76F9275C":{"x":1033,"y":1027,"w":172,"h":104},
		"FFE86DBA":{"x":1525,"y":913,"w":172,"h":113},
		"1B70CA02":{"x":337,"y":779,"w":166,"h":125},
		"B12D6516":{"x":349,"y":399,"w":172,"h":124},
		"11887F6D":{"x":175,"y":1033,"w":148,"h":88},
		"A812CDB0":{"x":511,"y":914,"w":172,"h":108},
		"CA97F1B9":{"x":337,"y":914,"w":172,"h":110},
		"11E3D6B1":{"x":1345,"y":785,"w":166,"h":125},
		"DB1F4335":{"x":451,"y":1323,"w":148,"h":88},
		"7210C006":{"x":151,"y":1324,"w":148,"h":88},
		"2A216722":{"x":1513,"y":785,"w":166,"h":125},
		"BAA4B184":{"x":1873,"y":1025,"w":172,"h":105},
		"AD6D8941":{"x":1898,"y":405,"w":148,"h":88},
		"DC88FEC":{"x":1681,"y":786,"w":166,"h":125},
		"DF0FD99B":{"x":1849,"y":786,"w":166,"h":125},
		"AD6E803C":{"x":151,"y":1234,"w":148,"h":88},
		"912A3359":{"x":511,"y":1024,"w":172,"h":107},
		"34B55E97":{"x":505,"y":787,"w":166,"h":125},
		"4ADEFAF1":{"x":1891,"y":1236,"w":148,"h":88},
		"8E911461":{"x":1,"y":1137,"w":172,"h":94},
		"395B4527":{"x":1873,"y":913,"w":172,"h":110},
		"837FDB64":{"x":673,"y":787,"w":166,"h":125},
		"B565AA41":{"x":1021,"y":1325,"w":148,"h":88},
		"20323E47":{"x":697,"y":1133,"w":172,"h":95},
		"BA045B0":{"x":685,"y":914,"w":172,"h":108},
		"D8172471":{"x":841,"y":787,"w":166,"h":125},
		"5EE4CDAD":{"x":1393,"y":1134,"w":148,"h":88},
		"F34AB12D":{"x":1,"y":1233,"w":148,"h":88},
		"8CB138C6":{"x":1873,"y":1132,"w":172,"h":102},
		"308AD7E7":{"x":1009,"y":787,"w":166,"h":125},
		"471E78D2":{"x":1,"y":906,"w":166,"h":125},
		"7A6680AF":{"x":1393,"y":1229,"w":172,"h":94},
		"90545BE3":{"x":169,"y":906,"w":166,"h":125},
		"2C987611":{"x":1,"y":1323,"w":148,"h":88},
		"1D44CF62":{"x":1219,"y":1134,"w":172,"h":94},
		"B51AB338":{"x":1699,"y":1026,"w":172,"h":105},
		"B615E98E":{"x":301,"y":1324,"w":148,"h":88},
		"7BB35BF5":{"x":349,"y":1133,"w":172,"h":99},
		"FF1560A1":{"x":1567,"y":1229,"w":172,"h":94},
		"A939F96A":{"x":1171,"y":1325,"w":148,"h":88},
		"184FD652":{"x":697,"y":1230,"w":172,"h":94},
		"FD418784":{"x":1471,"y":1325,"w":148,"h":88},
		"AA94DEFB":{"x":601,"y":1326,"w":148,"h":88}
	}}