{"mc":{
	"yimianUp":{
		"frameRate":25,
		"events":[
			
			],
		"frames":[
			
			{
			"res":"F857A2E9",
			"x":-63,
			"y":-517
			},
			{
			"res":"BDB18F1E",
			"x":-63,
			"y":-525
			},
			{
			"res":"A13BB220",
			"x":-63,
			"y":-533
			},
			{
			"res":"25DF377E",
			"x":-63,
			"y":-541
			},
			{
			"res":"FF6BEEEE",
			"x":-63,
			"y":-550
			},
			{
			"res":"596E8D4C",
			"x":-63,
			"y":-560
			},
			{
			"res":"22C967E6",
			"x":-63,
			"y":-569
			},
			{
			"res":"8F243495",
			"x":-63,
			"y":-580
			},
			{
			"res":"FA2178B1",
			"x":-63,
			"y":-590
			},
			{
			"res":"76AEB802",
			"x":-63,
			"y":-602
			},
			{
			"res":"CD089DC0",
			"x":-63,
			"y":-614
			},
			{
			"res":"AA42C56D",
			"x":-63,
			"y":-626
			},
			{
			"res":"5F89F49A",
			"x":-63,
			"y":-639
			},
			{
			"res":"7FB24937",
			"x":-63,
			"y":-652
			},
			{
			"res":"B0427A28",
			"x":-63,
			"y":-666
			},
			{
			"res":"C9DA75E3",
			"x":-63,
			"y":-680
			},
			{
			"res":"1B9B9A95",
			"x":-63,
			"y":-694
			},
			{
			"res":"43B38299",
			"x":-63,
			"y":-710
			},
			{
			"res":"5E0C5EF5",
			"x":-63,
			"y":-725
			},
			{
			"res":"818D6CEC",
			"x":-63,
			"y":-742
			},
			{
			"res":"7AB1F385",
			"x":-63,
			"y":-758
			},
			{
			"res":"9ACBD31C",
			"x":-62,
			"y":-775
			},
			{
			"res":"188D61D3",
			"x":-62,
			"y":-793
			},
			{
			"res":"E5A6788E",
			"x":-62,
			"y":-811
			},
			{
			"res":"745C04B4",
			"x":-62,
			"y":-829
			},
			{
			"res":"F7CF1ADD",
			"x":-62,
			"y":-848
			},
			{
			"res":"5CD16713",
			"x":-62,
			"y":-868
			},
			{
			"res":"5E88A8BD",
			"x":-62,
			"y":-888
			},
			{
			"res":"51EF870",
			"x":-62,
			"y":-908
			},
			{
			"res":"E39B671F",
			"x":-62,
			"y":-929
			},
			{
			"res":"28FCA29",
			"x":-62,
			"y":-950
			},
			{
			"res":"21D8B481",
			"x":-62,
			"y":-972
			},
			{
			"res":"1D92E6CD",
			"x":-62,
			"y":-995
			},
			{
			"res":"A3B98BC0",
			"x":-61,
			"y":-1010
			},
			{
			"res":"39B6DD53",
			"x":-61,
			"y":-1026
			}
			]
}},
	"res":{
		"25DF377E":{"x":255,"y":520,"w":125,"h":518},
		"B0427A28":{"x":637,"y":0,"w":125,"h":518},
		"596E8D4C":{"x":763,"y":520,"w":125,"h":518},
		"FA2178B1":{"x":1145,"y":0,"w":125,"h":518},
		"C9DA75E3":{"x":128,"y":520,"w":125,"h":518},
		"F7CF1ADD":{"x":128,"y":1040,"w":125,"h":518},
		"5E0C5EF5":{"x":0,"y":0,"w":126,"h":518},
		"1D92E6CD":{"x":256,"y":0,"w":125,"h":518},
		"5E88A8BD":{"x":383,"y":0,"w":125,"h":518},
		"7FB24937":{"x":1017,"y":1039,"w":125,"h":517},
		"FF6BEEEE":{"x":255,"y":1040,"w":125,"h":518},
		"51EF870":{"x":382,"y":520,"w":125,"h":518},
		"CD089DC0":{"x":382,"y":1040,"w":125,"h":518},
		"E5A6788E":{"x":509,"y":520,"w":125,"h":518},
		"5CD16713":{"x":510,"y":0,"w":125,"h":518},
		"43B38299":{"x":0,"y":520,"w":126,"h":518},
		"22C967E6":{"x":509,"y":1040,"w":125,"h":518},
		"E39B671F":{"x":636,"y":520,"w":125,"h":518},
		"28FCA29":{"x":636,"y":1040,"w":125,"h":518},
		"A3B98BC0":{"x":1144,"y":520,"w":125,"h":517},
		"AA42C56D":{"x":1017,"y":520,"w":125,"h":517},
		"7AB1F385":{"x":0,"y":1040,"w":126,"h":518},
		"1B9B9A95":{"x":764,"y":0,"w":125,"h":518},
		"5F89F49A":{"x":891,"y":0,"w":125,"h":518},
		"21D8B481":{"x":763,"y":1040,"w":125,"h":518},
		"BDB18F1E":{"x":1018,"y":0,"w":125,"h":518},
		"818D6CEC":{"x":128,"y":0,"w":126,"h":518},
		"39B6DD53":{"x":1272,"y":0,"w":125,"h":518},
		"745C04B4":{"x":1399,"y":0,"w":125,"h":518},
		"9ACBD31C":{"x":1526,"y":0,"w":125,"h":518},
		"8F243495":{"x":1653,"y":0,"w":125,"h":518},
		"F857A2E9":{"x":1780,"y":0,"w":125,"h":518},
		"76AEB802":{"x":1907,"y":0,"w":125,"h":518},
		"188D61D3":{"x":890,"y":520,"w":125,"h":518},
		"A13BB220":{"x":890,"y":1040,"w":125,"h":518}
	}}