{"mc":{
	"yimian1_2":{
		"frameRate":24,
		"events":[
			
			],
		"frames":[
			
			{
			"res":"91623F7A",
			"x":-72,
			"y":-124
			},
			{
			"res":"6A0913A9",
			"x":-72,
			"y":-123
			},
			{
			"res":"970CAA18",
			"x":-72,
			"y":-123
			},
			{
			"res":"80C84477",
			"x":-72,
			"y":-122
			},
			{
			"res":"74D2FD03",
			"x":-72,
			"y":-122
			},
			{
			"res":"F55AA532",
			"x":-72,
			"y":-121
			},
			{
			"res":"397318B7",
			"x":-72,
			"y":-137
			},
			{
			"res":"6DA0527F",
			"x":-72,
			"y":-136
			},
			{
			"res":"FA7C3753",
			"x":-72,
			"y":-136
			},
			{
			"res":"76C1AF23",
			"x":-72,
			"y":-136
			},
			{
			"res":"195DC6A4",
			"x":-72,
			"y":-136
			},
			{
			"res":"2961505C",
			"x":-72,
			"y":-136
			},
			{
			"res":"B6A6A9CE",
			"x":-72,
			"y":-135
			},
			{
			"res":"DDA6A911",
			"x":-72,
			"y":-135
			},
			{
			"res":"4A570E9E",
			"x":-72,
			"y":-135
			},
			{
			"res":"107FA2BA",
			"x":-72,
			"y":-135
			},
			{
			"res":"29D4FBCA",
			"x":-72,
			"y":-135
			},
			{
			"res":"47F2BA8C",
			"x":-72,
			"y":-135
			},
			{
			"res":"167C386A",
			"x":-72,
			"y":-135
			},
			{
			"res":"8466E65A",
			"x":-72,
			"y":-135
			},
			{
			"res":"106F4CAC",
			"x":-72,
			"y":-135
			},
			{
			"res":"16E180A0",
			"x":-72,
			"y":-135
			},
			{
			"res":"BA4AEC11",
			"x":-72,
			"y":-135
			},
			{
			"res":"870FE328",
			"x":-72,
			"y":-135
			},
			{
			"res":"E1CB72C2",
			"x":-72,
			"y":-135
			},
			{
			"res":"1048770C",
			"x":-72,
			"y":-135
			},
			{
			"res":"EED5AB7B",
			"x":-72,
			"y":-135
			},
			{
			"res":"58FFAF84",
			"x":-72,
			"y":-135
			},
			{
			"res":"5894C00A",
			"x":-72,
			"y":-135
			},
			{
			"res":"8F3D451F",
			"x":-72,
			"y":-135
			},
			{
			"res":"CFC27DC",
			"x":-72,
			"y":-135
			},
			{
			"res":"37A5AFCE",
			"x":-72,
			"y":-135
			},
			{
			"res":"C2B83E20",
			"x":-72,
			"y":-135
			},
			{
			"res":"F155C1FA",
			"x":-72,
			"y":-135
			},
			{
			"res":"B5133C39",
			"x":-72,
			"y":-135
			},
			{
			"res":"C326E9C8",
			"x":-72,
			"y":-135
			},
			{
			"res":"CEBA04B8",
			"x":-72,
			"y":-135
			},
			{
			"res":"43EB76DB",
			"x":-72,
			"y":-135
			},
			{
			"res":"1E030CBD",
			"x":-72,
			"y":-135
			},
			{
			"res":"C696E425",
			"x":-72,
			"y":-135
			},
			{
			"res":"A21E5AB6",
			"x":-72,
			"y":-135
			},
			{
			"res":"89EB2056",
			"x":-72,
			"y":-135
			},
			{
			"res":"8CB70B6D",
			"x":-72,
			"y":-135
			},
			{
			"res":"A7B93D7",
			"x":-72,
			"y":-135
			},
			{
			"res":"27D48C47",
			"x":-72,
			"y":-135
			},
			{
			"res":"F1F8498A",
			"x":-72,
			"y":-135
			},
			{
			"res":"F699F3E5",
			"x":-72,
			"y":-135
			},
			{
			"res":"C8438546",
			"x":-72,
			"y":-135
			},
			{
			"res":"A19758F7",
			"x":-72,
			"y":-135
			},
			{
			"res":"8B01B7A1",
			"x":-72,
			"y":-135
			},
			{
			"res":"6E8C0442",
			"x":-72,
			"y":-135
			},
			{
			"res":"147059CE",
			"x":-72,
			"y":-135
			},
			{
			"res":"FCCB7D00",
			"x":-72,
			"y":-135
			},
			{
			"res":"4DD87B5B",
			"x":-72,
			"y":-135
			},
			{
			"res":"904A1F47",
			"x":-72,
			"y":-135
			},
			{
			"res":"5491562D",
			"x":-72,
			"y":-135
			},
			{
			"res":"FB3308B8",
			"x":-72,
			"y":-135
			},
			{
			"res":"40DB1AB7",
			"x":-72,
			"y":-135
			},
			{
			"res":"1730106",
			"x":-72,
			"y":-135
			},
			{
			"res":"EC268C38",
			"x":-72,
			"y":-135
			},
			{
			"res":"3E2EE92A",
			"x":-72,
			"y":-135
			},
			{
			"res":"B023A348",
			"x":-72,
			"y":-135
			},
			{
			"res":"CF724DC2",
			"x":-72,
			"y":-135
			},
			{
			"res":"DF04DAEE",
			"x":-72,
			"y":-135
			},
			{
			"res":"BFC13653",
			"x":-72,
			"y":-135
			},
			{
			"res":"51F20787",
			"x":-72,
			"y":-133
			},
			{
			"res":"8F7BC313",
			"x":-72,
			"y":-131
			},
			{
			"res":"FEAD0279",
			"x":-72,
			"y":-129
			},
			{
			"res":"4FB983FF",
			"x":-72,
			"y":-128
			},
			{
			"res":"D124D60C",
			"x":-72,
			"y":-122
			},
			{
			"res":"FB7C9A33",
			"x":-72,
			"y":-117
			},
			{
			"res":"728E59DD",
			"x":-72,
			"y":-111
			},
			{
			"res":"67ED0FEA",
			"x":-72,
			"y":-106
			},
			{
			"res":"ECECF677",
			"x":-72,
			"y":-97
			},
			{
			"res":"894135C6",
			"x":-72,
			"y":-91
			},
			{
			"res":"398A6653",
			"x":-72,
			"y":-91
			},
			{
			"res":"C6AD9969",
			"x":-72,
			"y":-91
			},
			{
			"res":"D62BD37A",
			"x":-72,
			"y":-91
			}
			]
}},
	"res":{
		"1730106":{"x":167,"y":277,"w":164,"h":136},
		"51F20787":{"x":1163,"y":277,"w":164,"h":134},
		"195DC6A4":{"x":1,"y":697,"w":164,"h":137},
		"76C1AF23":{"x":1,"y":141,"w":164,"h":137},
		"47F2BA8C":{"x":1329,"y":1,"w":164,"h":136},
		"F1F8498A":{"x":997,"y":277,"w":164,"h":136},
		"870FE328":{"x":1827,"y":139,"w":164,"h":136},
		"F55AA532":{"x":1827,"y":402,"w":164,"h":122},
		"147059CE":{"x":1,"y":836,"w":164,"h":136},
		"4DD87B5B":{"x":167,"y":1,"w":164,"h":136},
		"BFC13653":{"x":167,"y":139,"w":164,"h":136},
		"FA7C3753":{"x":1,"y":280,"w":164,"h":137},
		"5894C00A":{"x":167,"y":415,"w":164,"h":136},
		"C696E425":{"x":167,"y":553,"w":164,"h":136},
		"CF724DC2":{"x":167,"y":691,"w":164,"h":136},
		"F155C1FA":{"x":167,"y":829,"w":164,"h":136},
		"FB3308B8":{"x":333,"y":1,"w":164,"h":136},
		"29D4FBCA":{"x":333,"y":139,"w":164,"h":136},
		"D62BD37A":{"x":1495,"y":612,"w":164,"h":92},
		"74D2FD03":{"x":1661,"y":402,"w":164,"h":123},
		"FCCB7D00":{"x":333,"y":277,"w":164,"h":136},
		"C6AD9969":{"x":1661,"y":527,"w":164,"h":92},
		"B023A348":{"x":333,"y":415,"w":164,"h":136},
		"F699F3E5":{"x":333,"y":553,"w":164,"h":136},
		"BA4AEC11":{"x":333,"y":691,"w":164,"h":136},
		"D124D60C":{"x":1827,"y":277,"w":164,"h":123},
		"894135C6":{"x":1329,"y":517,"w":164,"h":92},
		"C326E9C8":{"x":333,"y":829,"w":164,"h":136},
		"107FA2BA":{"x":499,"y":1,"w":164,"h":136},
		"FB7C9A33":{"x":1827,"y":526,"w":164,"h":118},
		"A21E5AB6":{"x":499,"y":139,"w":164,"h":136},
		"37A5AFCE":{"x":499,"y":277,"w":164,"h":136},
		"58FFAF84":{"x":499,"y":415,"w":164,"h":136},
		"5491562D":{"x":499,"y":553,"w":164,"h":136},
		"89EB2056":{"x":499,"y":691,"w":164,"h":136},
		"80C84477":{"x":1661,"y":277,"w":164,"h":123},
		"B5133C39":{"x":499,"y":829,"w":164,"h":136},
		"970CAA18":{"x":1495,"y":277,"w":164,"h":124},
		"4A570E9E":{"x":665,"y":1,"w":164,"h":136},
		"16E180A0":{"x":665,"y":139,"w":164,"h":136},
		"8CB70B6D":{"x":665,"y":277,"w":164,"h":136},
		"C8438546":{"x":665,"y":415,"w":164,"h":136},
		"1E030CBD":{"x":665,"y":553,"w":164,"h":136},
		"EED5AB7B":{"x":665,"y":691,"w":164,"h":136},
		"904A1F47":{"x":665,"y":829,"w":164,"h":136},
		"3E2EE92A":{"x":831,"y":1,"w":164,"h":136},
		"6A0913A9":{"x":1329,"y":277,"w":164,"h":124},
		"CFC27DC":{"x":831,"y":139,"w":164,"h":136},
		"DDA6A911":{"x":831,"y":277,"w":164,"h":136},
		"106F4CAC":{"x":831,"y":415,"w":164,"h":136},
		"91623F7A":{"x":1163,"y":810,"w":164,"h":125},
		"4FB983FF":{"x":1163,"y":679,"w":164,"h":129},
		"ECECF677":{"x":1495,"y":512,"w":164,"h":98},
		"A19758F7":{"x":831,"y":553,"w":164,"h":136},
		"1048770C":{"x":831,"y":691,"w":164,"h":136},
		"EC268C38":{"x":831,"y":829,"w":164,"h":136},
		"A7B93D7":{"x":997,"y":1,"w":164,"h":136},
		"B6A6A9CE":{"x":1163,"y":1,"w":164,"h":136},
		"6DA0527F":{"x":1,"y":419,"w":164,"h":137},
		"8466E65A":{"x":1495,"y":1,"w":164,"h":136},
		"398A6653":{"x":1329,"y":611,"w":164,"h":92},
		"67ED0FEA":{"x":1495,"y":403,"w":164,"h":107},
		"43EB76DB":{"x":1661,"y":1,"w":164,"h":136},
		"8B01B7A1":{"x":1827,"y":1,"w":164,"h":136},
		"DF04DAEE":{"x":997,"y":139,"w":164,"h":136},
		"2961505C":{"x":1,"y":558,"w":164,"h":137},
		"E1CB72C2":{"x":997,"y":415,"w":164,"h":136},
		"FEAD0279":{"x":1163,"y":547,"w":164,"h":130},
		"27D48C47":{"x":997,"y":553,"w":164,"h":136},
		"167C386A":{"x":997,"y":691,"w":164,"h":136},
		"C2B83E20":{"x":997,"y":829,"w":164,"h":136},
		"6E8C0442":{"x":1163,"y":139,"w":164,"h":136},
		"728E59DD":{"x":1329,"y":403,"w":164,"h":112},
		"CEBA04B8":{"x":1329,"y":139,"w":164,"h":136},
		"40DB1AB7":{"x":1495,"y":139,"w":164,"h":136},
		"8F3D451F":{"x":1661,"y":139,"w":164,"h":136},
		"8F7BC313":{"x":1163,"y":413,"w":164,"h":132},
		"397318B7":{"x":1,"y":1,"w":164,"h":138}
	}}