{"mc":{
	"yimian2":{
		"frameRate":25,
		"events":[
			
			],
		"frames":[
			
			{
			"res":"9EDB2EA",
			"x":-72,
			"y":-95
			},
			{
			"res":"F82B5E55",
			"x":-72,
			"y":-95
			},
			{
			"res":"294FF9A4",
			"x":-72,
			"y":-95
			},
			{
			"res":"20453318",
			"x":-72,
			"y":-95
			},
			{
			"res":"10B376B",
			"x":-72,
			"y":-95
			},
			{
			"res":"EF8F83DF",
			"x":-72,
			"y":-95
			},
			{
			"res":"5E6CD346",
			"x":-72,
			"y":-95
			},
			{
			"res":"78762FB6",
			"x":-72,
			"y":-95
			},
			{
			"res":"1576BE50",
			"x":-72,
			"y":-95
			},
			{
			"res":"6E083328",
			"x":-72,
			"y":-95
			},
			{
			"res":"44F0EA1",
			"x":-72,
			"y":-95
			},
			{
			"res":"C600C0C6",
			"x":-72,
			"y":-95
			},
			{
			"res":"39AF07FA",
			"x":-72,
			"y":-95
			},
			{
			"res":"2B700BFC",
			"x":-72,
			"y":-95
			},
			{
			"res":"60F2E003",
			"x":-72,
			"y":-95
			},
			{
			"res":"AB2E38A8",
			"x":-72,
			"y":-95
			},
			{
			"res":"C6039495",
			"x":-72,
			"y":-95
			},
			{
			"res":"63840F8A",
			"x":-72,
			"y":-95
			},
			{
			"res":"15E9F338",
			"x":-72,
			"y":-95
			},
			{
			"res":"CD2B5C14",
			"x":-72,
			"y":-95
			},
			{
			"res":"965E703D",
			"x":-72,
			"y":-95
			},
			{
			"res":"CE224C52",
			"x":-72,
			"y":-95
			},
			{
			"res":"96089218",
			"x":-72,
			"y":-95
			},
			{
			"res":"4A572FC0",
			"x":-72,
			"y":-95
			},
			{
			"res":"E60D5EDF",
			"x":-72,
			"y":-95
			},
			{
			"res":"9D496D14",
			"x":-72,
			"y":-95
			},
			{
			"res":"64BC77FF",
			"x":-72,
			"y":-95,
			"duration":9
			},
			{
			"res":"5B934AB2",
			"x":-72,
			"y":-87
			},
			{
			"res":"6689FDCE",
			"x":-72,
			"y":-114
			},
			{
			"res":"4E681D5A",
			"x":-72,
			"y":-111
			},
			{
			"res":"43DBF794",
			"x":-72,
			"y":-122
			},
			{
			"res":"EF9488B7",
			"x":-72,
			"y":-119
			},
			{
			"res":"C7D73BA9",
			"x":-72,
			"y":-116
			},
			{
			"res":"C4402897",
			"x":-72,
			"y":-114
			},
			{
			"res":"78F77C06",
			"x":-72,
			"y":-111
			},
			{
			"res":"502CAA37",
			"x":-72,
			"y":-109
			},
			{
			"res":"1C42509F",
			"x":-72,
			"y":-106
			},
			{
			"res":"A0040182",
			"x":-72,
			"y":-106
			},
			{
			"res":"4626F47A",
			"x":-72,
			"y":-106
			},
			{
			"res":"E001A502",
			"x":-72,
			"y":-106
			},
			{
			"res":"C4EA7976",
			"x":-72,
			"y":-112
			},
			{
			"res":"2639F4FB",
			"x":-72,
			"y":-107
			},
			{
			"res":"26A60F50",
			"x":-72,
			"y":-107
			},
			{
			"res":"C03B5C07",
			"x":-72,
			"y":-107
			},
			{
			"res":"6A811BEE",
			"x":-72,
			"y":-107
			},
			{
			"res":"33523776",
			"x":-72,
			"y":-107
			},
			{
			"res":"FDE9599B",
			"x":-72,
			"y":-107
			},
			{
			"res":"91E12D6",
			"x":-72,
			"y":-107
			},
			{
			"res":"4E93E13B",
			"x":-72,
			"y":-107
			},
			{
			"res":"52EF58BB",
			"x":-72,
			"y":-107
			},
			{
			"res":"4AF3CC89",
			"x":-72,
			"y":-107
			},
			{
			"res":"5CE5217A",
			"x":-72,
			"y":-107
			},
			{
			"res":"FCB8C87B",
			"x":-72,
			"y":-107
			},
			{
			"res":"61C54B78",
			"x":-72,
			"y":-107
			},
			{
			"res":"83BC5A0D",
			"x":-72,
			"y":-107
			},
			{
			"res":"A162DBF",
			"x":-72,
			"y":-107
			},
			{
			"res":"A47B6E07",
			"x":-72,
			"y":-107
			},
			{
			"res":"66B8F759",
			"x":-72,
			"y":-107
			},
			{
			"res":"816DBBAC",
			"x":-72,
			"y":-107
			},
			{
			"res":"8933FDAC",
			"x":-72,
			"y":-107
			},
			{
			"res":"28F2D8C5",
			"x":-72,
			"y":-107
			},
			{
			"res":"E7B7B838",
			"x":-72,
			"y":-107
			},
			{
			"res":"736A2A0",
			"x":-72,
			"y":-107
			},
			{
			"res":"83259C53",
			"x":-72,
			"y":-107
			},
			{
			"res":"F15344B6",
			"x":-72,
			"y":-107
			},
			{
			"res":"48272DC7",
			"x":-72,
			"y":-107
			},
			{
			"res":"90491B36",
			"x":-72,
			"y":-106
			},
			{
			"res":"1C4928F5",
			"x":-72,
			"y":-105
			},
			{
			"res":"946F6AA0",
			"x":-72,
			"y":-103
			},
			{
			"res":"34A623AE",
			"x":-72,
			"y":-100
			},
			{
			"res":"98A8A1A0",
			"x":-72,
			"y":-96
			},
			{
			"res":"DBBB73BF",
			"x":-72,
			"y":-92
			},
			{
			"res":"B273092",
			"x":-72,
			"y":-86
			},
			{
			"res":"DDFCE520",
			"x":-72,
			"y":-81
			},
			{
			"res":"C8095B9B",
			"x":-72,
			"y":-75
			},
			{
			"res":"6AD710CC",
			"x":-72,
			"y":-69
			},
			{
			"res":"3C16456C",
			"x":-72,
			"y":-65
			},
			{
			"res":"AEFF45E",
			"x":-72,
			"y":-65
			},
			{
			"res":"D6E5FA39",
			"x":-72,
			"y":-65
			},
			{
			"res":"201832BE",
			"x":-72,
			"y":-65
			},
			{
			"res":"BFE89CA9",
			"x":-72,
			"y":-65
			},
			{
			"res":"9EA9A5F2",
			"x":-72,
			"y":-69
			},
			{
			"res":"DEA7AA5E",
			"x":-72,
			"y":-69
			},
			{
			"res":"1118BF15",
			"x":-72,
			"y":-69
			},
			{
			"res":"5CDBB646",
			"x":-72,
			"y":-69
			},
			{
			"res":"BBDB06E3",
			"x":-72,
			"y":-69
			},
			{
			"res":"CC433C03",
			"x":-72,
			"y":-69
			},
			{
			"res":"C633FB58",
			"x":-72,
			"y":-70
			},
			{
			"res":"31620B60",
			"x":-72,
			"y":-76
			},
			{
			"res":"71838D67",
			"x":-72,
			"y":-81
			},
			{
			"res":"6354462B",
			"x":-72,
			"y":-87
			},
			{
			"res":"DF8211FE",
			"x":-72,
			"y":-91
			},
			{
			"res":"5892B6C9",
			"x":-72,
			"y":-96
			},
			{
			"res":"FFCB6B0",
			"x":-72,
			"y":-100
			},
			{
			"res":"D4C0C0D7",
			"x":-72,
			"y":-103
			},
			{
			"res":"152EB760",
			"x":-72,
			"y":-103
			},
			{
			"res":"6404B8A1",
			"x":-72,
			"y":-99
			},
			{
			"res":"96B081F",
			"x":-72,
			"y":-89
			},
			{
			"res":"C4A30138",
			"x":-72,
			"y":-45,
			"duration":13
			},
			{
			"res":"7ED97D2D",
			"x":-72,
			"y":-45,
			"duration":2
			}
			]
}},
	"res":{
		"96089218":{"x":1156,"y":486,"w":163,"h":95},
		"33523776":{"x":166,"y":112,"w":163,"h":107},
		"20453318":{"x":991,"y":292,"w":163,"h":95},
		"A47B6E07":{"x":166,"y":221,"w":163,"h":107},
		"5E6CD346":{"x":826,"y":389,"w":163,"h":95},
		"CD2B5C14":{"x":989,"y":583,"w":163,"h":95},
		"EF8F83DF":{"x":991,"y":195,"w":163,"h":95},
		"7ED97D2D":{"x":1321,"y":437,"w":140,"h":45},
		"9EA9A5F2":{"x":1649,"y":232,"w":163,"h":69},
		"1C4928F5":{"x":661,"y":433,"w":163,"h":105},
		"83BC5A0D":{"x":166,"y":439,"w":163,"h":107},
		"15E9F338":{"x":1319,"y":583,"w":163,"h":95},
		"10B376B":{"x":1484,"y":583,"w":163,"h":95},
		"4626F47A":{"x":661,"y":325,"w":163,"h":106},
		"FCB8C87B":{"x":166,"y":766,"w":163,"h":107},
		"90491B36":{"x":661,"y":217,"w":163,"h":106},
		"61C54B78":{"x":331,"y":219,"w":163,"h":107},
		"63840F8A":{"x":1156,"y":389,"w":163,"h":95},
		"71838D67":{"x":1156,"y":941,"w":163,"h":81},
		"C8095B9B":{"x":1484,"y":89,"w":163,"h":75},
		"A0040182":{"x":661,"y":1,"w":163,"h":106},
		"BFE89CA9":{"x":989,"y":680,"w":163,"h":65},
		"48272DC7":{"x":331,"y":655,"w":163,"h":107},
		"28F2D8C5":{"x":331,"y":873,"w":163,"h":107},
		"C6039495":{"x":826,"y":195,"w":163,"h":95},
		"294FF9A4":{"x":826,"y":292,"w":163,"h":95},
		"5CE5217A":{"x":496,"y":328,"w":163,"h":107},
		"1C42509F":{"x":661,"y":109,"w":163,"h":106},
		"152EB760":{"x":661,"y":750,"w":162,"h":103},
		"F15344B6":{"x":496,"y":546,"w":163,"h":107},
		"AB2E38A8":{"x":1156,"y":195,"w":163,"h":95},
		"502CAA37":{"x":166,"y":1,"w":163,"h":109},
		"CC433C03":{"x":1649,"y":161,"w":163,"h":69},
		"E001A502":{"x":496,"y":873,"w":163,"h":106},
		"BBDB06E3":{"x":1649,"y":90,"w":163,"h":69},
		"D4C0C0D7":{"x":661,"y":645,"w":162,"h":103},
		"78F77C06":{"x":1,"y":710,"w":163,"h":111},
		"F82B5E55":{"x":991,"y":845,"w":163,"h":95},
		"9EDB2EA":{"x":1156,"y":747,"w":163,"h":95},
		"4AF3CC89":{"x":166,"y":330,"w":163,"h":107},
		"DDFCE520":{"x":991,"y":942,"w":163,"h":81},
		"C4402897":{"x":1,"y":364,"w":163,"h":114},
		"52EF58BB":{"x":166,"y":548,"w":163,"h":107},
		"736A2A0":{"x":166,"y":657,"w":163,"h":107},
		"60F2E003":{"x":1154,"y":583,"w":163,"h":95},
		"2B700BFC":{"x":991,"y":98,"w":163,"h":95},
		"946F6AA0":{"x":661,"y":540,"w":163,"h":103},
		"B273092":{"x":1484,"y":1,"w":163,"h":86},
		"201832BE":{"x":1154,"y":680,"w":163,"h":65},
		"C7D73BA9":{"x":1,"y":246,"w":163,"h":116},
		"1118BF15":{"x":1814,"y":73,"w":163,"h":69},
		"39AF07FA":{"x":991,"y":389,"w":163,"h":95},
		"5CDBB646":{"x":1814,"y":144,"w":163,"h":69},
		"64BC77FF":{"x":991,"y":486,"w":163,"h":95},
		"DBBB73BF":{"x":1321,"y":777,"w":163,"h":92},
		"4E93E13B":{"x":166,"y":875,"w":163,"h":107},
		"E7B7B838":{"x":331,"y":1,"w":163,"h":107},
		"83259C53":{"x":331,"y":110,"w":163,"h":107},
		"C600C0C6":{"x":1321,"y":486,"w":163,"h":95},
		"EF9488B7":{"x":1,"y":125,"w":163,"h":119},
		"91E12D6":{"x":331,"y":328,"w":163,"h":107},
		"D6E5FA39":{"x":661,"y":957,"w":163,"h":65},
		"DF8211FE":{"x":1321,"y":871,"w":163,"h":91},
		"FFCB6B0":{"x":825,"y":645,"w":162,"h":100},
		"FDE9599B":{"x":331,"y":437,"w":163,"h":107},
		"44F0EA1":{"x":1156,"y":844,"w":163,"h":95},
		"9D496D14":{"x":826,"y":1,"w":163,"h":95},
		"E60D5EDF":{"x":826,"y":98,"w":163,"h":95},
		"6A811BEE":{"x":331,"y":546,"w":163,"h":107},
		"43DBF794":{"x":1,"y":1,"w":163,"h":122},
		"AEFF45E":{"x":1321,"y":370,"w":163,"h":65},
		"DEA7AA5E":{"x":1814,"y":215,"w":163,"h":69},
		"C03B5C07":{"x":331,"y":764,"w":163,"h":107},
		"4A572FC0":{"x":826,"y":486,"w":163,"h":95},
		"98A8A1A0":{"x":826,"y":848,"w":163,"h":96},
		"4E681D5A":{"x":1,"y":823,"w":163,"h":111},
		"6E083328":{"x":1154,"y":1,"w":163,"h":95},
		"26A60F50":{"x":496,"y":1,"w":163,"h":107},
		"6404B8A1":{"x":825,"y":747,"w":161,"h":99},
		"C4A30138":{"x":1463,"y":437,"w":140,"h":45},
		"96B081F":{"x":991,"y":1,"w":160,"h":89},
		"34A623AE":{"x":661,"y":855,"w":163,"h":100},
		"816DBBAC":{"x":496,"y":110,"w":163,"h":107},
		"3C16456C":{"x":1649,"y":303,"w":163,"h":65},
		"8933FDAC":{"x":496,"y":219,"w":163,"h":107},
		"1576BE50":{"x":1156,"y":98,"w":163,"h":95},
		"78762FB6":{"x":1319,"y":1,"w":163,"h":95},
		"6689FDCE":{"x":1,"y":480,"w":163,"h":114},
		"CE224C52":{"x":1156,"y":292,"w":163,"h":95},
		"5892B6C9":{"x":988,"y":747,"w":162,"h":96},
		"31620B60":{"x":826,"y":946,"w":163,"h":76},
		"C633FB58":{"x":1814,"y":1,"w":163,"h":70},
		"2639F4FB":{"x":496,"y":437,"w":163,"h":107},
		"C4EA7976":{"x":1,"y":596,"w":163,"h":112},
		"66B8F759":{"x":496,"y":655,"w":163,"h":107},
		"965E703D":{"x":1321,"y":680,"w":163,"h":95},
		"6354462B":{"x":1649,"y":1,"w":163,"h":87},
		"5B934AB2":{"x":1,"y":936,"w":163,"h":87},
		"A162DBF":{"x":496,"y":764,"w":163,"h":107},
		"6AD710CC":{"x":1814,"y":286,"w":163,"h":69}
	}}