{"mc":{
	"yimian1_0":{
		"frameRate":24,
		"events":[
			
			],
		"frames":[
			
			{
			"res":"943EFF6E",
			"x":-72,
			"y":-64
			},
			{
			"res":"AF2807F6",
			"x":-72,
			"y":-64
			},
			{
			"res":"E961DC02",
			"x":-72,
			"y":-64
			},
			{
			"res":"252693B1",
			"x":-72,
			"y":-64
			},
			{
			"res":"AB88DDEF",
			"x":-72,
			"y":-64
			},
			{
			"res":"50899063",
			"x":-72,
			"y":-64
			},
			{
			"res":"1FE12C45",
			"x":-72,
			"y":-65
			},
			{
			"res":"C74CD805",
			"x":-72,
			"y":-99
			},
			{
			"res":"B64FF30A",
			"x":-72,
			"y":-103
			},
			{
			"res":"DF3C29B9",
			"x":-72,
			"y":-103
			},
			{
			"res":"656214A8",
			"x":-72,
			"y":-100
			},
			{
			"res":"40DE7782",
			"x":-72,
			"y":-95
			},
			{
			"res":"8D69F8A4",
			"x":-72,
			"y":-90
			},
			{
			"res":"88DF4AAA",
			"x":-72,
			"y":-84
			},
			{
			"res":"A5CB9A59",
			"x":-72,
			"y":-79
			},
			{
			"res":"B2001B4E",
			"x":-72,
			"y":-76
			},
			{
			"res":"D1598C21",
			"x":-72,
			"y":-135
			},
			{
			"res":"F7B35A1D",
			"x":-72,
			"y":-134
			},
			{
			"res":"24215DD2",
			"x":-72,
			"y":-134
			},
			{
			"res":"CCE8980E",
			"x":-72,
			"y":-134
			},
			{
			"res":"8B755B4E",
			"x":-72,
			"y":-134
			},
			{
			"res":"DE49BDF",
			"x":-72,
			"y":-135
			},
			{
			"res":"3AEB199C",
			"x":-72,
			"y":-135
			},
			{
			"res":"1A3ED99A",
			"x":-72,
			"y":-135
			},
			{
			"res":"9B515386",
			"x":-72,
			"y":-134
			},
			{
			"res":"10280D8E",
			"x":-72,
			"y":-134
			},
			{
			"res":"9A79475A",
			"x":-72,
			"y":-134
			},
			{
			"res":"E9C1F43A",
			"x":-72,
			"y":-132
			},
			{
			"res":"6E4DB3B1",
			"x":-72,
			"y":-130
			},
			{
			"res":"6F5AC776",
			"x":-72,
			"y":-129
			},
			{
			"res":"7213F21C",
			"x":-72,
			"y":-126
			},
			{
			"res":"C04CD202",
			"x":-72,
			"y":-124
			},
			{
			"res":"74B16EAE",
			"x":-72,
			"y":-121
			},
			{
			"res":"E087E766",
			"x":-72,
			"y":-119
			},
			{
			"res":"E18A37D4",
			"x":-72,
			"y":-117
			},
			{
			"res":"B1023E52",
			"x":-72,
			"y":-112
			},
			{
			"res":"432313BC",
			"x":-72,
			"y":-107
			},
			{
			"res":"DB0B445A",
			"x":-72,
			"y":-101
			},
			{
			"res":"5F113B42",
			"x":-72,
			"y":-96
			},
			{
			"res":"E01797C9",
			"x":-72,
			"y":-91
			},
			{
			"res":"8127B1D3",
			"x":-72,
			"y":-86
			},
			{
			"res":"574FECAA",
			"x":-72,
			"y":-81
			},
			{
			"res":"71FC6240",
			"x":-72,
			"y":-78
			},
			{
			"res":"54F52636",
			"x":-72,
			"y":-78
			},
			{
			"res":"73BA1727",
			"x":-72,
			"y":-78
			},
			{
			"res":"3B0279B0",
			"x":-72,
			"y":-135
			},
			{
			"res":"29BC31E8",
			"x":-72,
			"y":-134
			},
			{
			"res":"E551B329",
			"x":-72,
			"y":-134
			},
			{
			"res":"A9BE4502",
			"x":-72,
			"y":-134
			},
			{
			"res":"E28CA9BD",
			"x":-72,
			"y":-134
			},
			{
			"res":"40DB6695",
			"x":-72,
			"y":-135
			},
			{
			"res":"BA535A3F",
			"x":-72,
			"y":-135
			},
			{
			"res":"AD33A7F1",
			"x":-72,
			"y":-135
			},
			{
			"res":"5FF90B10",
			"x":-72,
			"y":-135
			},
			{
			"res":"233D121F",
			"x":-72,
			"y":-134
			},
			{
			"res":"1F7CFCC6",
			"x":-72,
			"y":-134
			},
			{
			"res":"652FE1D5",
			"x":-72,
			"y":-134
			},
			{
			"res":"1139C426",
			"x":-72,
			"y":-132
			},
			{
			"res":"DE5970D7",
			"x":-72,
			"y":-130
			},
			{
			"res":"B29E4A43",
			"x":-72,
			"y":-129
			},
			{
			"res":"75DB7E72",
			"x":-72,
			"y":-126
			},
			{
			"res":"3A182D0B",
			"x":-72,
			"y":-124
			},
			{
			"res":"22EC715F",
			"x":-72,
			"y":-121
			},
			{
			"res":"E0699E4F",
			"x":-72,
			"y":-119
			},
			{
			"res":"9DF0E29E",
			"x":-72,
			"y":-117
			},
			{
			"res":"9F08F825",
			"x":-72,
			"y":-112
			},
			{
			"res":"844D427A",
			"x":-72,
			"y":-107
			},
			{
			"res":"51E16B76",
			"x":-72,
			"y":-101
			},
			{
			"res":"93E3D34E",
			"x":-72,
			"y":-96
			},
			{
			"res":"B486A50F",
			"x":-72,
			"y":-91
			},
			{
			"res":"3B6CE46A",
			"x":-72,
			"y":-86
			},
			{
			"res":"F28736BE",
			"x":-72,
			"y":-86
			},
			{
			"res":"8AB87AB1",
			"x":-72,
			"y":-86
			},
			{
			"res":"34309EAB",
			"x":-72,
			"y":-86
			},
			{
			"res":"C75CB232",
			"x":-72,
			"y":-135
			},
			{
			"res":"D489F765",
			"x":-72,
			"y":-134
			},
			{
			"res":"2F016782",
			"x":-72,
			"y":-134
			},
			{
			"res":"71247E19",
			"x":-72,
			"y":-134
			},
			{
			"res":"1A827DCD",
			"x":-72,
			"y":-134
			},
			{
			"res":"50016CB9",
			"x":-72,
			"y":-135
			},
			{
			"res":"1F0C2594",
			"x":-72,
			"y":-135
			},
			{
			"res":"228CA6EF",
			"x":-72,
			"y":-135
			},
			{
			"res":"6BBDC0F8",
			"x":-72,
			"y":-135
			},
			{
			"res":"DE482A49",
			"x":-72,
			"y":-135
			},
			{
			"res":"E4E43D53",
			"x":-72,
			"y":-134
			},
			{
			"res":"C82DB61A",
			"x":-72,
			"y":-134
			},
			{
			"res":"588C8132",
			"x":-72,
			"y":-134
			},
			{
			"res":"E395019F",
			"x":-72,
			"y":-132
			},
			{
			"res":"D36CCB4F",
			"x":-72,
			"y":-130
			},
			{
			"res":"F9A8BEA9",
			"x":-72,
			"y":-129
			},
			{
			"res":"446920DF",
			"x":-72,
			"y":-126
			},
			{
			"res":"7B175E23",
			"x":-72,
			"y":-124
			},
			{
			"res":"A1DA5E08",
			"x":-72,
			"y":-121
			},
			{
			"res":"1637732B",
			"x":-72,
			"y":-119
			},
			{
			"res":"5F747EC6",
			"x":-72,
			"y":-117
			},
			{
			"res":"E2CC1573",
			"x":-72,
			"y":-113
			},
			{
			"res":"34127D8F",
			"x":-72,
			"y":-108
			},
			{
			"res":"A4B0CF86",
			"x":-72,
			"y":-103
			},
			{
			"res":"A36E390B",
			"x":-72,
			"y":-99
			},
			{
			"res":"34707CE2",
			"x":-72,
			"y":-94
			},
			{
			"res":"7D880934",
			"x":-72,
			"y":-86
			},
			{
			"res":"57584088",
			"x":-72,
			"y":-86
			},
			{
			"res":"311394D1",
			"x":-72,
			"y":-86
			},
			{
			"res":"CA2CF71D",
			"x":-72,
			"y":-125
			},
			{
			"res":"6ADAC352",
			"x":-72,
			"y":-124
			},
			{
			"res":"2577BF61",
			"x":-72,
			"y":-124
			},
			{
			"res":"E0982848",
			"x":-72,
			"y":-123
			},
			{
			"res":"CECBAB04",
			"x":-72,
			"y":-123
			},
			{
			"res":"30E661F1",
			"x":-72,
			"y":-122
			},
			{
			"res":"F938EFF8",
			"x":-72,
			"y":-122
			},
			{
			"res":"2475D075",
			"x":-72,
			"y":-121
			},
			{
			"res":"E1A86874",
			"x":-72,
			"y":-121
			},
			{
			"res":"FC242D39",
			"x":-72,
			"y":-121
			},
			{
			"res":"F726827D",
			"x":-72,
			"y":-122
			},
			{
			"res":"F7F90C18",
			"x":-72,
			"y":-122
			},
			{
			"res":"5DA54C32",
			"x":-72,
			"y":-123
			},
			{
			"res":"5F643341",
			"x":-72,
			"y":-123
			},
			{
			"res":"C7B6155B",
			"x":-72,
			"y":-124
			},
			{
			"res":"828FF774",
			"x":-72,
			"y":-124
			}
			]
}},
	"res":{
		"50899063":{"x":1163,"y":1003,"w":164,"h":65},
		"57584088":{"x":1163,"y":741,"w":164,"h":87},
		"71FC6240":{"x":831,"y":928,"w":164,"h":79},
		"574FECAA":{"x":1163,"y":919,"w":164,"h":82},
		"93E3D34E":{"x":665,"y":649,"w":164,"h":97},
		"34707CE2":{"x":333,"y":752,"w":164,"h":95},
		"943EFF6E":{"x":1495,"y":1001,"w":164,"h":65},
		"8127B1D3":{"x":665,"y":847,"w":164,"h":87},
		"9A79475A":{"x":333,"y":139,"w":164,"h":135},
		"E01797C9":{"x":1163,"y":647,"w":164,"h":92},
		"51E16B76":{"x":1827,"y":852,"w":164,"h":102},
		"7B175E23":{"x":831,"y":276,"w":164,"h":125},
		"F938EFF8":{"x":333,"y":403,"w":164,"h":123},
		"5F113B42":{"x":665,"y":748,"w":164,"h":97},
		"10280D8E":{"x":1163,"y":139,"w":164,"h":135},
		"AF2807F6":{"x":1329,"y":1059,"w":164,"h":65},
		"DB0B445A":{"x":1827,"y":748,"w":164,"h":102},
		"844D427A":{"x":1827,"y":638,"w":164,"h":108},
		"446920DF":{"x":167,"y":1734,"w":164,"h":127},
		"9B515386":{"x":1661,"y":139,"w":164,"h":135},
		"A36E390B":{"x":333,"y":650,"w":164,"h":100},
		"5DA54C32":{"x":1,"y":1923,"w":164,"h":124},
		"9F08F825":{"x":1495,"y":527,"w":164,"h":113},
		"432313BC":{"x":1495,"y":642,"w":164,"h":108},
		"30E661F1":{"x":1661,"y":402,"w":164,"h":123},
		"E961DC02":{"x":1827,"y":956,"w":164,"h":65},
		"A5CB9A59":{"x":997,"y":927,"w":164,"h":80},
		"9DF0E29E":{"x":997,"y":527,"w":164,"h":118},
		"A4B0CF86":{"x":1661,"y":642,"w":164,"h":104},
		"1A3ED99A":{"x":1,"y":1,"w":164,"h":136},
		"252693B1":{"x":1329,"y":925,"w":164,"h":65},
		"3AEB199C":{"x":167,"y":1,"w":164,"h":136},
		"B1023E52":{"x":1661,"y":527,"w":164,"h":113},
		"E0699E4F":{"x":333,"y":528,"w":164,"h":120},
		"2475D075":{"x":997,"y":403,"w":164,"h":122},
		"88DF4AAA":{"x":1329,"y":838,"w":164,"h":85},
		"AB88DDEF":{"x":1329,"y":992,"w":164,"h":65},
		"34127D8F":{"x":1827,"y":527,"w":164,"h":109},
		"22EC715F":{"x":1163,"y":403,"w":164,"h":122},
		"3A182D0B":{"x":499,"y":276,"w":164,"h":125},
		"E395019F":{"x":167,"y":411,"w":164,"h":133},
		"DE49BDF":{"x":333,"y":1,"w":164,"h":136},
		"E18A37D4":{"x":831,"y":527,"w":164,"h":118},
		"E2CC1573":{"x":1329,"y":527,"w":164,"h":114},
		"75DB7E72":{"x":167,"y":1476,"w":164,"h":127},
		"C82DB61A":{"x":1,"y":553,"w":164,"h":135},
		"CECBAB04":{"x":1495,"y":276,"w":164,"h":124},
		"588C8132":{"x":1,"y":827,"w":164,"h":135},
		"E087E766":{"x":499,"y":527,"w":164,"h":120},
		"B29E4A43":{"x":167,"y":1212,"w":164,"h":130},
		"E4E43D53":{"x":1,"y":964,"w":164,"h":135},
		"8B755B4E":{"x":1,"y":1375,"w":164,"h":135},
		"F9A8BEA9":{"x":167,"y":1080,"w":164,"h":130},
		"5F747EC6":{"x":1163,"y":527,"w":164,"h":118},
		"828FF774":{"x":1329,"y":276,"w":164,"h":125},
		"E1A86874":{"x":665,"y":403,"w":164,"h":122},
		"CCE8980E":{"x":1,"y":1649,"w":164,"h":135},
		"C04CD202":{"x":665,"y":276,"w":164,"h":125},
		"74B16EAE":{"x":1329,"y":403,"w":164,"h":122},
		"1637732B":{"x":665,"y":527,"w":164,"h":120},
		"E0982848":{"x":1661,"y":276,"w":164,"h":124},
		"1FE12C45":{"x":1661,"y":935,"w":164,"h":66},
		"DE5970D7":{"x":167,"y":681,"w":164,"h":131},
		"DE482A49":{"x":499,"y":1,"w":164,"h":136},
		"8D69F8A4":{"x":997,"y":741,"w":164,"h":91},
		"1139C426":{"x":167,"y":276,"w":164,"h":133},
		"7213F21C":{"x":167,"y":1605,"w":164,"h":127},
		"F7F90C18":{"x":1495,"y":402,"w":164,"h":123},
		"6BBDC0F8":{"x":665,"y":1,"w":164,"h":136},
		"228CA6EF":{"x":831,"y":1,"w":164,"h":136},
		"652FE1D5":{"x":1827,"y":139,"w":164,"h":135},
		"FC242D39":{"x":831,"y":403,"w":164,"h":122},
		"B64FF30A":{"x":1329,"y":643,"w":164,"h":104},
		"1F0C2594":{"x":997,"y":1,"w":164,"h":136},
		"F726827D":{"x":1827,"y":402,"w":164,"h":123},
		"233D121F":{"x":1,"y":690,"w":164,"h":135},
		"40DE7782":{"x":499,"y":751,"w":164,"h":96},
		"2577BF61":{"x":1163,"y":276,"w":164,"h":125},
		"50016CB9":{"x":1163,"y":1,"w":164,"h":136},
		"5FF90B10":{"x":1329,"y":1,"w":164,"h":136},
		"1F7CFCC6":{"x":1,"y":1101,"w":164,"h":135},
		"24215DD2":{"x":1,"y":1238,"w":164,"h":135},
		"A1DA5E08":{"x":499,"y":403,"w":164,"h":122},
		"6F5AC776":{"x":167,"y":1344,"w":164,"h":130},
		"AD33A7F1":{"x":1495,"y":1,"w":164,"h":136},
		"C74CD805":{"x":499,"y":649,"w":164,"h":100},
		"71247E19":{"x":1,"y":1512,"w":164,"h":135},
		"BA535A3F":{"x":1661,"y":1,"w":164,"h":136},
		"1A827DCD":{"x":1,"y":1786,"w":164,"h":135},
		"6ADAC352":{"x":997,"y":276,"w":164,"h":125},
		"2F016782":{"x":167,"y":139,"w":164,"h":135},
		"40DB6695":{"x":1827,"y":1,"w":164,"h":136},
		"C7B6155B":{"x":333,"y":276,"w":164,"h":125},
		"D489F765":{"x":499,"y":139,"w":164,"h":135},
		"E28CA9BD":{"x":665,"y":139,"w":164,"h":135},
		"6E4DB3B1":{"x":167,"y":814,"w":164,"h":131},
		"A9BE4502":{"x":831,"y":139,"w":164,"h":135},
		"656214A8":{"x":831,"y":647,"w":164,"h":101},
		"E551B329":{"x":997,"y":139,"w":164,"h":135},
		"C75CB232":{"x":1,"y":139,"w":164,"h":136},
		"8AB87AB1":{"x":831,"y":839,"w":164,"h":87},
		"29BC31E8":{"x":1329,"y":139,"w":164,"h":135},
		"34309EAB":{"x":831,"y":750,"w":164,"h":87},
		"CA2CF71D":{"x":167,"y":1863,"w":164,"h":126},
		"F28736BE":{"x":1163,"y":830,"w":164,"h":87},
		"311394D1":{"x":997,"y":838,"w":164,"h":87},
		"E9C1F43A":{"x":167,"y":546,"w":164,"h":133},
		"F7B35A1D":{"x":1495,"y":139,"w":164,"h":135},
		"3B0279B0":{"x":1,"y":277,"w":164,"h":136},
		"DF3C29B9":{"x":1661,"y":748,"w":164,"h":104},
		"73BA1727":{"x":1495,"y":841,"w":164,"h":79},
		"54F52636":{"x":1661,"y":854,"w":164,"h":79},
		"3B6CE46A":{"x":1329,"y":749,"w":164,"h":87},
		"D1598C21":{"x":1,"y":415,"w":164,"h":136},
		"D36CCB4F":{"x":167,"y":947,"w":164,"h":131},
		"B486A50F":{"x":997,"y":647,"w":164,"h":92},
		"5F643341":{"x":1827,"y":276,"w":164,"h":124},
		"7D880934":{"x":1495,"y":752,"w":164,"h":87},
		"B2001B4E":{"x":1495,"y":922,"w":164,"h":77}
	}}