{"mc":{
	"gaijiaofan1_5":{
		"frameRate":24,
		"events":[
			
			],
		"frames":[
			
			{
			"res":"C529D926",
			"x":-41,
			"y":-104
			},
			{
			"res":"9877912A",
			"x":-41,
			"y":-104,
			"duration":3
			},
			{
			"res":"C529D926",
			"x":-41,
			"y":-104
			},
			{
			"res":"538A3B40",
			"x":-41,
			"y":-105
			},
			{
			"res":"5E098227",
			"x":-41,
			"y":-106
			},
			{
			"res":"EABF5A9E",
			"x":-41,
			"y":-106
			},
			{
			"res":"526307B9",
			"x":-41,
			"y":-107
			},
			{
			"res":"99E8FF6D",
			"x":-41,
			"y":-108
			},
			{
			"res":"42F446D3",
			"x":-41,
			"y":-109
			},
			{
			"res":"5E41F9D4",
			"x":-42,
			"y":-111
			},
			{
			"res":"9B8C10D1",
			"x":-43,
			"y":-112
			},
			{
			"res":"9C911413",
			"x":-44,
			"y":-113
			},
			{
			"res":"E1D37D15",
			"x":-45,
			"y":-114
			},
			{
			"res":"B2C712FD",
			"x":-46,
			"y":-116
			},
			{
			"res":"F06F8A4D",
			"x":-47,
			"y":-117
			},
			{
			"res":"C4625C18",
			"x":-48,
			"y":-118
			},
			{
			"res":"584BE458",
			"x":-49,
			"y":-119
			},
			{
			"res":"694B51D8",
			"x":-50,
			"y":-120
			},
			{
			"res":"D50EF02E",
			"x":-51,
			"y":-122
			},
			{
			"res":"14F4E1AD",
			"x":-52,
			"y":-122
			}
			]
}},
	"res":{
		"538A3B40":{"x":448,"y":112,"w":151,"h":105},
		"42F446D3":{"x":447,"y":1,"w":147,"h":109},
		"B2C712FD":{"x":150,"y":1,"w":146,"h":116},
		"5E41F9D4":{"x":299,"y":116,"w":147,"h":111},
		"99E8FF6D":{"x":297,"y":349,"w":148,"h":108},
		"D50EF02E":{"x":1,"y":1,"w":147,"h":122},
		"14F4E1AD":{"x":1,"y":125,"w":147,"h":122},
		"E1D37D15":{"x":150,"y":119,"w":147,"h":114},
		"9C911413":{"x":298,"y":1,"w":147,"h":113},
		"5E098227":{"x":446,"y":229,"w":150,"h":106},
		"526307B9":{"x":598,"y":1,"w":148,"h":107},
		"F06F8A4D":{"x":149,"y":369,"w":146,"h":117},
		"694B51D8":{"x":1,"y":249,"w":146,"h":120},
		"C4625C18":{"x":149,"y":249,"w":146,"h":118},
		"9B8C10D1":{"x":297,"y":235,"w":147,"h":112},
		"C529D926":{"x":447,"y":337,"w":151,"h":104},
		"9877912A":{"x":598,"y":219,"w":151,"h":104},
		"EABF5A9E":{"x":748,"y":1,"w":149,"h":106},
		"584BE458":{"x":1,"y":371,"w":146,"h":119}
	}}