{"mc":{
	"gaizhang":{
		"frameRate":25,
		"events":[
			
			],
		"frames":[
			
			{
			"res":"B2CC3AAA",
			"x":-27,
			"y":-193
			},
			{
			"res":"EF9DB634",
			"x":-27,
			"y":-219
			},
			{
			"res":"78BC1B39",
			"x":-27,
			"y":-244
			},
			{
			"res":"FCD995A",
			"x":-27,
			"y":-266
			},
			{
			"res":"78BC1B39",
			"x":-27,
			"y":-288
			},
			{
			"res":"B2CC3AAA",
			"x":-27,
			"y":-307
			},
			{
			"res":"CFAAFEB3",
			"x":-27,
			"y":-325
			},
			{
			"res":"F4F83E80",
			"x":-27,
			"y":-342
			},
			{
			"res":"485099B7",
			"x":-27,
			"y":-357
			},
			{
			"res":"EF9DB634",
			"x":-27,
			"y":-370
			},
			{
			"res":"1F952611",
			"x":-27,
			"y":-382
			},
			{
			"res":"EF9DB634",
			"x":-27,
			"y":-392
			},
			{
			"res":"485099B7",
			"x":-27,
			"y":-401
			},
			{
			"res":"F4F83E80",
			"x":-27,
			"y":-408
			},
			{
			"res":"FCD995A",
			"x":-27,
			"y":-413
			},
			{
			"res":"CFAAFEB3",
			"x":-27,
			"y":-417
			},
			{
			"res":"E9450482",
			"x":-27,
			"y":-420
			},
			{
			"res":"A57A844C",
			"x":-27,
			"y":-421
			},
			{
			"res":"7EB489E8",
			"x":-27,
			"y":-421
			},
			{
			"res":"15BA2B16",
			"x":-27,
			"y":-421
			},
			{
			"res":"BB3C8C55",
			"x":-27,
			"y":-421
			},
			{
			"res":"B4D7B44",
			"x":-27,
			"y":-421
			},
			{
			"res":"DA036A07",
			"x":-27,
			"y":-421
			},
			{
			"res":"60265F45",
			"x":-27,
			"y":-421
			},
			{
			"res":"2D5AEF5C",
			"x":-28,
			"y":-421
			},
			{
			"res":"45813349",
			"x":-28,
			"y":-421
			},
			{
			"res":"45137118",
			"x":-28,
			"y":-421
			},
			{
			"res":"842C868D",
			"x":-28,
			"y":-421
			},
			{
			"res":"17B532FC",
			"x":-28,
			"y":-420
			},
			{
			"res":"F85D1748",
			"x":-27,
			"y":-420
			},
			{
			"res":"31DF246E",
			"x":-27,
			"y":-419
			},
			{
			"res":"F77E743B",
			"x":-27,
			"y":-420
			},
			{
			"res":"9EA81D0C",
			"x":-27,
			"y":-420
			},
			{
			"res":"B7A0718B",
			"x":-27,
			"y":-420
			},
			{
			"res":"EE2648C8",
			"x":-27,
			"y":-421,
			"duration":9
			},
			{
			"res":"849E5A18",
			"x":-27,
			"y":-421
			},
			{
			"res":"F4F83E80",
			"x":-27,
			"y":-396
			},
			{
			"res":"485099B7",
			"x":-27,
			"y":-373
			},
			{
			"res":"EC6EDD7E",
			"x":-27,
			"y":-351
			},
			{
			"res":"4694B23C",
			"x":-27,
			"y":-331
			},
			{
			"res":"485099B7",
			"x":-27,
			"y":-312
			},
			{
			"res":"B2CC3AAA",
			"x":-27,
			"y":-294
			},
			{
			"res":"EC6EDD7E",
			"x":-27,
			"y":-278
			},
			{
			"res":"CFAAFEB3",
			"x":-27,
			"y":-263
			},
			{
			"res":"EC6EDD7E",
			"x":-27,
			"y":-250,
			"duration":2
			},
			{
			"res":"78BC1B39",
			"x":-27,
			"y":-228
			},
			{
			"res":"849E5A18",
			"x":-27,
			"y":-219
			},
			{
			"res":"E9450482",
			"x":-27,
			"y":-211
			},
			{
			"res":"FCD995A",
			"x":-27,
			"y":-204
			},
			{
			"res":"78BC1B39",
			"x":-27,
			"y":-200
			},
			{
			"res":"962A044B",
			"x":-27,
			"y":-196
			},
			{
			"res":"485099B7",
			"x":-27,
			"y":-194
			},
			{
			"res":"B2CC3AAA",
			"x":-27,
			"y":-193,
			"duration":27
			}
			]
}},
	"res":{
		"45137118":{"x":1,"y":1,"w":56,"h":195},
		"45813349":{"x":59,"y":1,"w":56,"h":195},
		"A57A844C":{"x":291,"y":1,"w":55,"h":195},
		"F77E743B":{"x":113,"y":591,"w":54,"h":194},
		"EC6EDD7E":{"x":169,"y":786,"w":54,"h":194},
		"B2CC3AAA":{"x":171,"y":590,"w":54,"h":194},
		"17B532FC":{"x":233,"y":1,"w":56,"h":194},
		"EE2648C8":{"x":347,"y":198,"w":55,"h":195},
		"842C868D":{"x":117,"y":1,"w":56,"h":195},
		"962A044B":{"x":227,"y":590,"w":54,"h":194},
		"B4D7B44":{"x":233,"y":197,"w":55,"h":195},
		"485099B7":{"x":57,"y":589,"w":54,"h":195},
		"FCD995A":{"x":227,"y":394,"w":54,"h":194},
		"60265F45":{"x":348,"y":1,"w":55,"h":195},
		"15BA2B16":{"x":405,"y":1,"w":55,"h":195},
		"BB3C8C55":{"x":290,"y":198,"w":55,"h":195},
		"31DF246E":{"x":58,"y":394,"w":55,"h":193},
		"9EA81D0C":{"x":115,"y":198,"w":55,"h":194},
		"E9450482":{"x":115,"y":394,"w":54,"h":195},
		"2D5AEF5C":{"x":175,"y":1,"w":56,"h":195},
		"78BC1B39":{"x":1,"y":789,"w":54,"h":195},
		"CFAAFEB3":{"x":113,"y":787,"w":54,"h":194},
		"849E5A18":{"x":57,"y":786,"w":54,"h":195},
		"EF9DB634":{"x":171,"y":394,"w":54,"h":194},
		"F4F83E80":{"x":1,"y":395,"w":54,"h":195},
		"1F952611":{"x":283,"y":395,"w":54,"h":194},
		"7EB489E8":{"x":404,"y":198,"w":55,"h":195},
		"F85D1748":{"x":58,"y":198,"w":55,"h":194},
		"4694B23C":{"x":1,"y":592,"w":54,"h":195},
		"DA036A07":{"x":1,"y":198,"w":55,"h":195},
		"B7A0718B":{"x":172,"y":198,"w":55,"h":194}
	}}