{"mc":{
	"panini3_1":{
		"frameRate":24,
		"events":[
			
			],
		"frames":[
			
			{
			"res":"D2D5C528",
			"x":-86,
			"y":-125
			},
			{
			"res":"2602DDCA",
			"x":-86,
			"y":-125
			},
			{
			"res":"E987BC26",
			"x":-86,
			"y":-125
			},
			{
			"res":"65A71483",
			"x":-86,
			"y":-125
			},
			{
			"res":"DBA0F4E4",
			"x":-86,
			"y":-125
			},
			{
			"res":"BCC0364F",
			"x":-86,
			"y":-125
			},
			{
			"res":"C1428E42",
			"x":-86,
			"y":-125
			},
			{
			"res":"94C7AEA8",
			"x":-86,
			"y":-125
			},
			{
			"res":"AB6EAD48",
			"x":-86,
			"y":-125
			},
			{
			"res":"6698FB30",
			"x":-86,
			"y":-125
			},
			{
			"res":"51FA6060",
			"x":-86,
			"y":-125
			},
			{
			"res":"28F37E58",
			"x":-86,
			"y":-125
			},
			{
			"res":"CB6375B",
			"x":-86,
			"y":-125
			},
			{
			"res":"53C76ABD",
			"x":-86,
			"y":-125
			},
			{
			"res":"6FADAC5E",
			"x":-86,
			"y":-125
			},
			{
			"res":"957CF21E",
			"x":-86,
			"y":-125
			},
			{
			"res":"E079B027",
			"x":-86,
			"y":-125
			},
			{
			"res":"7F5564CF",
			"x":-86,
			"y":-125
			},
			{
			"res":"1D07CDCC",
			"x":-86,
			"y":-125
			},
			{
			"res":"4C01327",
			"x":-86,
			"y":-125
			},
			{
			"res":"F917D0B4",
			"x":-86,
			"y":-125
			},
			{
			"res":"CECF22CB",
			"x":-86,
			"y":-125
			},
			{
			"res":"21DE44C7",
			"x":-86,
			"y":-125
			},
			{
			"res":"A580B98D",
			"x":-86,
			"y":-125
			},
			{
			"res":"E49404E1",
			"x":-86,
			"y":-125
			},
			{
			"res":"47CEC1AC",
			"x":-86,
			"y":-125
			},
			{
			"res":"DD751A67",
			"x":-86,
			"y":-125
			},
			{
			"res":"6FC1BEBE",
			"x":-86,
			"y":-125
			},
			{
			"res":"E8C08DD2",
			"x":-86,
			"y":-125
			},
			{
			"res":"3D9F933A",
			"x":-86,
			"y":-125
			},
			{
			"res":"D03B9C37",
			"x":-86,
			"y":-125
			},
			{
			"res":"5F78EDA9",
			"x":-86,
			"y":-125
			},
			{
			"res":"9AA9ACDC",
			"x":-86,
			"y":-125
			},
			{
			"res":"E9755459",
			"x":-86,
			"y":-125
			},
			{
			"res":"AA9DF2AE",
			"x":-86,
			"y":-125
			},
			{
			"res":"5046744A",
			"x":-86,
			"y":-125
			},
			{
			"res":"16C45FCA",
			"x":-86,
			"y":-125
			},
			{
			"res":"4F406810",
			"x":-86,
			"y":-125
			},
			{
			"res":"D7DABDF1",
			"x":-86,
			"y":-125
			},
			{
			"res":"5DFA93ED",
			"x":-86,
			"y":-125
			},
			{
			"res":"61DBEE75",
			"x":-86,
			"y":-125
			},
			{
			"res":"B409303A",
			"x":-86,
			"y":-125
			},
			{
			"res":"183B4C8F",
			"x":-86,
			"y":-125
			},
			{
			"res":"4A856400",
			"x":-86,
			"y":-125
			},
			{
			"res":"87C5E921",
			"x":-86,
			"y":-125
			},
			{
			"res":"51DE2607",
			"x":-86,
			"y":-125
			},
			{
			"res":"635C219B",
			"x":-86,
			"y":-125
			},
			{
			"res":"98326E4B",
			"x":-86,
			"y":-125
			},
			{
			"res":"130C8A79",
			"x":-86,
			"y":-125
			},
			{
			"res":"6934C52F",
			"x":-86,
			"y":-125
			},
			{
			"res":"5331F9AC",
			"x":-86,
			"y":-125
			},
			{
			"res":"7A88D47E",
			"x":-86,
			"y":-125
			},
			{
			"res":"288B1F70",
			"x":-86,
			"y":-125
			},
			{
			"res":"54EA900C",
			"x":-86,
			"y":-125
			},
			{
			"res":"6A75C2E2",
			"x":-86,
			"y":-125
			},
			{
			"res":"E23BEFEF",
			"x":-86,
			"y":-125
			},
			{
			"res":"CD24198D",
			"x":-86,
			"y":-125
			}
			]
}},
	"res":{
		"E9755459":{"x":1,"y":513,"w":173,"h":125},
		"21DE44C7":{"x":1,"y":767,"w":173,"h":125},
		"CECF22CB":{"x":526,"y":255,"w":173,"h":125},
		"28F37E58":{"x":1751,"y":1,"w":173,"h":125},
		"4F406810":{"x":1,"y":1,"w":173,"h":126},
		"6A75C2E2":{"x":1,"y":640,"w":173,"h":125},
		"288B1F70":{"x":1,"y":129,"w":173,"h":126},
		"51FA6060":{"x":1,"y":894,"w":173,"h":125},
		"D03B9C37":{"x":176,"y":1,"w":173,"h":125},
		"3D9F933A":{"x":176,"y":128,"w":173,"h":125},
		"F917D0B4":{"x":176,"y":255,"w":173,"h":125},
		"C1428E42":{"x":176,"y":382,"w":173,"h":125},
		"65A71483":{"x":176,"y":509,"w":173,"h":125},
		"4C01327":{"x":176,"y":636,"w":173,"h":125},
		"9AA9ACDC":{"x":176,"y":763,"w":173,"h":125},
		"98326E4B":{"x":176,"y":890,"w":173,"h":125},
		"E8C08DD2":{"x":351,"y":1,"w":173,"h":125},
		"5DFA93ED":{"x":351,"y":128,"w":173,"h":125},
		"16C45FCA":{"x":351,"y":255,"w":173,"h":125},
		"1D07CDCC":{"x":351,"y":382,"w":173,"h":125},
		"AB6EAD48":{"x":351,"y":509,"w":173,"h":125},
		"5331F9AC":{"x":351,"y":636,"w":173,"h":125},
		"61DBEE75":{"x":351,"y":763,"w":173,"h":125},
		"E987BC26":{"x":1051,"y":255,"w":173,"h":124},
		"6FC1BEBE":{"x":351,"y":890,"w":173,"h":125},
		"5046744A":{"x":526,"y":1,"w":173,"h":125},
		"635C219B":{"x":526,"y":128,"w":173,"h":125},
		"6698FB30":{"x":1,"y":257,"w":173,"h":126},
		"7F5564CF":{"x":526,"y":382,"w":173,"h":125},
		"DBA0F4E4":{"x":1051,"y":128,"w":172,"h":125},
		"B409303A":{"x":526,"y":509,"w":173,"h":125},
		"DD751A67":{"x":526,"y":636,"w":173,"h":125},
		"2602DDCA":{"x":526,"y":763,"w":173,"h":125},
		"E079B027":{"x":526,"y":890,"w":173,"h":125},
		"7A88D47E":{"x":701,"y":1,"w":173,"h":125},
		"6934C52F":{"x":701,"y":128,"w":173,"h":125},
		"47CEC1AC":{"x":701,"y":255,"w":173,"h":125},
		"957CF21E":{"x":701,"y":382,"w":173,"h":125},
		"51DE2607":{"x":1225,"y":128,"w":173,"h":124},
		"CD24198D":{"x":701,"y":509,"w":173,"h":125},
		"5F78EDA9":{"x":701,"y":636,"w":173,"h":125},
		"94C7AEA8":{"x":701,"y":763,"w":173,"h":125},
		"6FADAC5E":{"x":701,"y":890,"w":173,"h":125},
		"E49404E1":{"x":876,"y":1,"w":173,"h":125},
		"D2D5C528":{"x":876,"y":128,"w":173,"h":125},
		"183B4C8F":{"x":876,"y":255,"w":173,"h":125},
		"E23BEFEF":{"x":876,"y":382,"w":173,"h":125},
		"53C76ABD":{"x":876,"y":509,"w":173,"h":125},
		"AA9DF2AE":{"x":876,"y":636,"w":173,"h":125},
		"BCC0364F":{"x":876,"y":763,"w":173,"h":125},
		"D7DABDF1":{"x":876,"y":890,"w":173,"h":125},
		"130C8A79":{"x":1051,"y":1,"w":173,"h":125},
		"CB6375B":{"x":1226,"y":1,"w":173,"h":125},
		"87C5E921":{"x":1400,"y":128,"w":173,"h":124},
		"54EA900C":{"x":1401,"y":1,"w":173,"h":125},
		"4A856400":{"x":1576,"y":1,"w":173,"h":125},
		"A580B98D":{"x":1,"y":385,"w":173,"h":126}
	}}