{"mc":{
	"panini1":{
		"frameRate":25,
		"events":[
			
			],
		"frames":[
			
			{
			"res":"5C940DF8",
			"x":-48,
			"y":-113
			},
			{
			"res":"58259DD1",
			"x":-48,
			"y":-113
			},
			{
			"res":"E174C304",
			"x":-48,
			"y":-113
			},
			{
			"res":"20FD3F47",
			"x":-48,
			"y":-113
			},
			{
			"res":"CB64AEB8",
			"x":-48,
			"y":-113
			},
			{
			"res":"E1A0807F",
			"x":-48,
			"y":-112
			},
			{
			"res":"AA00A0D5",
			"x":-48,
			"y":-112
			},
			{
			"res":"E0C14D9",
			"x":-48,
			"y":-111
			},
			{
			"res":"AEA2A6FA",
			"x":-48,
			"y":-110
			},
			{
			"res":"4FB70D36",
			"x":-48,
			"y":-109
			},
			{
			"res":"35E1BC0B",
			"x":-48,
			"y":-108
			},
			{
			"res":"85463CD6",
			"x":-48,
			"y":-107
			},
			{
			"res":"84FD97B6",
			"x":-48,
			"y":-107
			},
			{
			"res":"C956C0D",
			"x":-48,
			"y":-107
			},
			{
			"res":"CF1EE071",
			"x":-48,
			"y":-107
			},
			{
			"res":"5DAF7EDF",
			"x":-48,
			"y":-107
			},
			{
			"res":"EEDE41E6",
			"x":-48,
			"y":-107
			},
			{
			"res":"5B149FBB",
			"x":-48,
			"y":-107
			},
			{
			"res":"12B8A2DC",
			"x":-48,
			"y":-107
			},
			{
			"res":"142D41B6",
			"x":-48,
			"y":-107
			},
			{
			"res":"90041EA1",
			"x":-48,
			"y":-107
			},
			{
			"res":"B930B833",
			"x":-48,
			"y":-107
			},
			{
			"res":"43F34124",
			"x":-48,
			"y":-108
			},
			{
			"res":"3A36F654",
			"x":-48,
			"y":-108
			},
			{
			"res":"AAC50DDD",
			"x":-48,
			"y":-108
			},
			{
			"res":"4540FCC6",
			"x":-48,
			"y":-108
			},
			{
			"res":"81839DC3",
			"x":-48,
			"y":-108
			},
			{
			"res":"1855AD5F",
			"x":-48,
			"y":-108
			},
			{
			"res":"543F407A",
			"x":-48,
			"y":-108
			},
			{
			"res":"45105E5F",
			"x":-48,
			"y":-108
			},
			{
			"res":"E9BB8758",
			"x":-48,
			"y":-108
			},
			{
			"res":"DF4513FA",
			"x":-48,
			"y":-108
			},
			{
			"res":"E6DC6456",
			"x":-48,
			"y":-108
			},
			{
			"res":"C15ADB32",
			"x":-48,
			"y":-108
			},
			{
			"res":"251D8861",
			"x":-48,
			"y":-108
			},
			{
			"res":"FA179C80",
			"x":-48,
			"y":-108
			},
			{
			"res":"858904AF",
			"x":-48,
			"y":-108
			},
			{
			"res":"D0290276",
			"x":-48,
			"y":-108
			},
			{
			"res":"3A650D2F",
			"x":-48,
			"y":-108
			},
			{
			"res":"708BD4AF",
			"x":-48,
			"y":-108
			},
			{
			"res":"8A991D7C",
			"x":-48,
			"y":-108
			},
			{
			"res":"B164B910",
			"x":-48,
			"y":-108
			},
			{
			"res":"988188D2",
			"x":-48,
			"y":-108
			},
			{
			"res":"785716EB",
			"x":-48,
			"y":-108
			},
			{
			"res":"87161C5A",
			"x":-48,
			"y":-108
			},
			{
			"res":"CAE8585E",
			"x":-48,
			"y":-108
			},
			{
			"res":"A16A4670",
			"x":-48,
			"y":-108
			},
			{
			"res":"CE4F5F7B",
			"x":-51,
			"y":-110
			},
			{
			"res":"88220E7F",
			"x":-48,
			"y":-111
			},
			{
			"res":"51AE06E9",
			"x":-48,
			"y":-113
			},
			{
			"res":"84FDABE3",
			"x":-48,
			"y":-115
			},
			{
			"res":"E02AB79C",
			"x":-51,
			"y":-117
			},
			{
			"res":"256D6AFA",
			"x":-49,
			"y":-119
			},
			{
			"res":"86916093",
			"x":-48,
			"y":-120
			},
			{
			"res":"99695A2A",
			"x":-48,
			"y":-121
			},
			{
			"res":"BBA10A0F",
			"x":-48,
			"y":-121
			},
			{
			"res":"846B8ACB",
			"x":-48,
			"y":-121
			},
			{
			"res":"574D86FE",
			"x":-48,
			"y":-120
			},
			{
			"res":"E6BFF858",
			"x":-48,
			"y":-119
			},
			{
			"res":"EDC0EFD3",
			"x":-48,
			"y":-118
			},
			{
			"res":"9262074B",
			"x":-48,
			"y":-116
			},
			{
			"res":"C147C24",
			"x":-48,
			"y":-115
			},
			{
			"res":"EE629957",
			"x":-48,
			"y":-113
			},
			{
			"res":"3723D554",
			"x":-48,
			"y":-113
			},
			{
			"res":"3392457D",
			"x":-48,
			"y":-113
			},
			{
			"res":"40C7FCC4",
			"x":-48,
			"y":-113
			},
			{
			"res":"4B4AE7EB",
			"x":-48,
			"y":-113
			},
			{
			"res":"A0D37614",
			"x":-48,
			"y":-113
			},
			{
			"res":"8A1758D3",
			"x":-48,
			"y":-112
			},
			{
			"res":"BB39F15",
			"x":-48,
			"y":-112
			},
			{
			"res":"C416D314",
			"x":-48,
			"y":-111
			},
			{
			"res":"C5157E56",
			"x":-48,
			"y":-110
			},
			{
			"res":"EE0432F6",
			"x":-48,
			"y":-109
			},
			{
			"res":"5DD384C8",
			"x":-48,
			"y":-108
			},
			{
			"res":"19985B93",
			"x":-48,
			"y":-107
			},
			{
			"res":"60B08378",
			"x":-48,
			"y":-107
			},
			{
			"res":"6E888C0C",
			"x":-48,
			"y":-107
			},
			{
			"res":"99C76369",
			"x":-48,
			"y":-107
			},
			{
			"res":"AC1CB4D1",
			"x":-48,
			"y":-107
			},
			{
			"res":"6DA51623",
			"x":-48,
			"y":-107
			},
			{
			"res":"3D4815F6",
			"x":-48,
			"y":-107
			},
			{
			"res":"99783CFF",
			"x":-48,
			"y":-107
			},
			{
			"res":"FD8170CC",
			"x":-48,
			"y":-107
			},
			{
			"res":"37C62A41",
			"x":-48,
			"y":-107
			},
			{
			"res":"E0F45C7A",
			"x":-48,
			"y":-107
			},
			{
			"res":"9FB168F",
			"x":-48,
			"y":-108
			},
			{
			"res":"957DDC38",
			"x":-48,
			"y":-108
			},
			{
			"res":"8632A1A",
			"x":-48,
			"y":-108
			},
			{
			"res":"F6E27913",
			"x":-48,
			"y":-108
			},
			{
			"res":"AFB26C5F",
			"x":-48,
			"y":-108
			},
			{
			"res":"FE225AAB",
			"x":-48,
			"y":-108
			},
			{
			"res":"DC435444",
			"x":-48,
			"y":-108
			},
			{
			"res":"44045B26",
			"x":-48,
			"y":-108
			},
			{
			"res":"79C681C2",
			"x":-48,
			"y":-108
			},
			{
			"res":"6AEB586D",
			"x":-48,
			"y":-108
			},
			{
			"res":"797DB101",
			"x":-48,
			"y":-108
			},
			{
			"res":"A044FCF3",
			"x":-48,
			"y":-108
			},
			{
			"res":"F6A24292",
			"x":-48,
			"y":-108
			},
			{
			"res":"90A21013",
			"x":-48,
			"y":-108
			},
			{
			"res":"D5F36889",
			"x":-48,
			"y":-108
			},
			{
			"res":"EF96C746",
			"x":-48,
			"y":-108
			},
			{
			"res":"1ACDB10F",
			"x":-48,
			"y":-108
			},
			{
			"res":"708BD4AF",
			"x":-48,
			"y":-108
			},
			{
			"res":"8A991D7C",
			"x":-48,
			"y":-108
			},
			{
			"res":"B164B910",
			"x":-48,
			"y":-108
			},
			{
			"res":"988188D2",
			"x":-48,
			"y":-108
			},
			{
			"res":"785716EB",
			"x":-48,
			"y":-108
			},
			{
			"res":"87161C5A",
			"x":-48,
			"y":-108
			},
			{
			"res":"CAE8585E",
			"x":-48,
			"y":-108
			},
			{
			"res":"A16A4670",
			"x":-48,
			"y":-108
			},
			{
			"res":"CE4F5F7B",
			"x":-51,
			"y":-110
			},
			{
			"res":"88220E7F",
			"x":-48,
			"y":-111
			},
			{
			"res":"51AE06E9",
			"x":-48,
			"y":-113
			},
			{
			"res":"84FDABE3",
			"x":-48,
			"y":-115
			},
			{
			"res":"E02AB79C",
			"x":-51,
			"y":-117
			},
			{
			"res":"256D6AFA",
			"x":-49,
			"y":-119
			},
			{
			"res":"86916093",
			"x":-48,
			"y":-120
			},
			{
			"res":"99695A2A",
			"x":-48,
			"y":-121
			},
			{
			"res":"BBA10A0F",
			"x":-48,
			"y":-121
			},
			{
			"res":"846B8ACB",
			"x":-48,
			"y":-121
			},
			{
			"res":"574D86FE",
			"x":-48,
			"y":-120
			},
			{
			"res":"E6BFF858",
			"x":-48,
			"y":-119
			},
			{
			"res":"EDC0EFD3",
			"x":-48,
			"y":-118
			},
			{
			"res":"9262074B",
			"x":-48,
			"y":-116
			},
			{
			"res":"C147C24",
			"x":-48,
			"y":-115
			},
			{
			"res":"EE629957",
			"x":-48,
			"y":-113
			},
			{
			"res":"3723D554",
			"x":-48,
			"y":-113
			},
			{
			"res":"3392457D",
			"x":-48,
			"y":-113
			},
			{
			"res":"40C7FCC4",
			"x":-48,
			"y":-113
			},
			{
			"res":"4B4AE7EB",
			"x":-48,
			"y":-113
			},
			{
			"res":"A0D37614",
			"x":-48,
			"y":-113
			},
			{
			"res":"8A1758D3",
			"x":-48,
			"y":-112
			},
			{
			"res":"BB39F15",
			"x":-48,
			"y":-112
			},
			{
			"res":"C416D314",
			"x":-48,
			"y":-111
			},
			{
			"res":"C5157E56",
			"x":-48,
			"y":-110
			},
			{
			"res":"EE0432F6",
			"x":-48,
			"y":-109
			},
			{
			"res":"5DD384C8",
			"x":-48,
			"y":-108
			},
			{
			"res":"19985B93",
			"x":-48,
			"y":-107
			},
			{
			"res":"60B08378",
			"x":-48,
			"y":-107
			},
			{
			"res":"6E888C0C",
			"x":-48,
			"y":-107
			},
			{
			"res":"99C76369",
			"x":-48,
			"y":-107
			},
			{
			"res":"AC1CB4D1",
			"x":-48,
			"y":-107
			},
			{
			"res":"6DA51623",
			"x":-48,
			"y":-107
			},
			{
			"res":"3D4815F6",
			"x":-48,
			"y":-107
			},
			{
			"res":"99783CFF",
			"x":-48,
			"y":-107
			},
			{
			"res":"FD8170CC",
			"x":-48,
			"y":-107
			},
			{
			"res":"37C62A41",
			"x":-48,
			"y":-107
			},
			{
			"res":"E0F45C7A",
			"x":-48,
			"y":-107
			},
			{
			"res":"9FB168F",
			"x":-48,
			"y":-108
			},
			{
			"res":"957DDC38",
			"x":-48,
			"y":-108
			},
			{
			"res":"8632A1A",
			"x":-48,
			"y":-108
			},
			{
			"res":"F6E27913",
			"x":-48,
			"y":-108
			},
			{
			"res":"AFB26C5F",
			"x":-48,
			"y":-108
			},
			{
			"res":"FE225AAB",
			"x":-48,
			"y":-108
			},
			{
			"res":"DC435444",
			"x":-48,
			"y":-108
			},
			{
			"res":"44045B26",
			"x":-48,
			"y":-108
			},
			{
			"res":"79C681C2",
			"x":-48,
			"y":-108
			},
			{
			"res":"6AEB586D",
			"x":-48,
			"y":-108
			},
			{
			"res":"797DB101",
			"x":-48,
			"y":-108
			},
			{
			"res":"A044FCF3",
			"x":-48,
			"y":-108
			},
			{
			"res":"F6A24292",
			"x":-48,
			"y":-108
			},
			{
			"res":"90A21013",
			"x":-48,
			"y":-108
			},
			{
			"res":"D5F36889",
			"x":-48,
			"y":-108
			},
			{
			"res":"EF96C746",
			"x":-48,
			"y":-108
			},
			{
			"res":"1ACDB10F",
			"x":-48,
			"y":-108
			},
			{
			"res":"708BD4AF",
			"x":-48,
			"y":-108
			},
			{
			"res":"8A991D7C",
			"x":-48,
			"y":-108
			},
			{
			"res":"B164B910",
			"x":-48,
			"y":-108
			},
			{
			"res":"988188D2",
			"x":-48,
			"y":-108
			},
			{
			"res":"785716EB",
			"x":-48,
			"y":-108
			},
			{
			"res":"87161C5A",
			"x":-48,
			"y":-108
			},
			{
			"res":"CAE8585E",
			"x":-48,
			"y":-108
			},
			{
			"res":"A16A4670",
			"x":-48,
			"y":-108
			},
			{
			"res":"CE4F5F7B",
			"x":-51,
			"y":-110
			},
			{
			"res":"88220E7F",
			"x":-48,
			"y":-111
			},
			{
			"res":"51AE06E9",
			"x":-48,
			"y":-113
			},
			{
			"res":"84FDABE3",
			"x":-48,
			"y":-115
			},
			{
			"res":"E02AB79C",
			"x":-51,
			"y":-117
			},
			{
			"res":"256D6AFA",
			"x":-49,
			"y":-119
			},
			{
			"res":"86916093",
			"x":-48,
			"y":-120
			},
			{
			"res":"99695A2A",
			"x":-48,
			"y":-121
			},
			{
			"res":"BBA10A0F",
			"x":-48,
			"y":-121
			},
			{
			"res":"846B8ACB",
			"x":-48,
			"y":-121
			},
			{
			"res":"574D86FE",
			"x":-48,
			"y":-120
			},
			{
			"res":"E6BFF858",
			"x":-48,
			"y":-119
			},
			{
			"res":"EDC0EFD3",
			"x":-48,
			"y":-118
			},
			{
			"res":"9262074B",
			"x":-48,
			"y":-116
			},
			{
			"res":"C147C24",
			"x":-48,
			"y":-115
			},
			{
			"res":"EE629957",
			"x":-48,
			"y":-113
			},
			{
			"res":"3723D554",
			"x":-48,
			"y":-113
			},
			{
			"res":"3392457D",
			"x":-48,
			"y":-113
			},
			{
			"res":"40C7FCC4",
			"x":-48,
			"y":-113
			},
			{
			"res":"4B4AE7EB",
			"x":-48,
			"y":-113
			},
			{
			"res":"A0D37614",
			"x":-48,
			"y":-113
			},
			{
			"res":"8A1758D3",
			"x":-48,
			"y":-112
			},
			{
			"res":"BB39F15",
			"x":-48,
			"y":-112
			},
			{
			"res":"C416D314",
			"x":-48,
			"y":-111
			},
			{
			"res":"C5157E56",
			"x":-48,
			"y":-110
			},
			{
			"res":"EE0432F6",
			"x":-48,
			"y":-109
			},
			{
			"res":"5DD384C8",
			"x":-48,
			"y":-108
			},
			{
			"res":"19985B93",
			"x":-48,
			"y":-107
			},
			{
			"res":"60B08378",
			"x":-48,
			"y":-107
			},
			{
			"res":"6E888C0C",
			"x":-48,
			"y":-107
			},
			{
			"res":"99C76369",
			"x":-48,
			"y":-107
			},
			{
			"res":"AC1CB4D1",
			"x":-48,
			"y":-107
			},
			{
			"res":"6DA51623",
			"x":-48,
			"y":-107
			},
			{
			"res":"3D4815F6",
			"x":-48,
			"y":-107
			},
			{
			"res":"99783CFF",
			"x":-48,
			"y":-107
			},
			{
			"res":"FD8170CC",
			"x":-48,
			"y":-107
			},
			{
			"res":"37C62A41",
			"x":-48,
			"y":-107
			},
			{
			"res":"E0F45C7A",
			"x":-48,
			"y":-107
			},
			{
			"res":"9FB168F",
			"x":-48,
			"y":-108
			},
			{
			"res":"957DDC38",
			"x":-48,
			"y":-108
			},
			{
			"res":"8632A1A",
			"x":-48,
			"y":-108
			},
			{
			"res":"F6E27913",
			"x":-48,
			"y":-108
			},
			{
			"res":"AFB26C5F",
			"x":-48,
			"y":-108
			},
			{
			"res":"FE225AAB",
			"x":-48,
			"y":-108
			},
			{
			"res":"DC435444",
			"x":-48,
			"y":-108
			},
			{
			"res":"44045B26",
			"x":-48,
			"y":-108
			},
			{
			"res":"79C681C2",
			"x":-48,
			"y":-108
			},
			{
			"res":"6AEB586D",
			"x":-48,
			"y":-108
			},
			{
			"res":"797DB101",
			"x":-48,
			"y":-108
			},
			{
			"res":"A044FCF3",
			"x":-48,
			"y":-108
			},
			{
			"res":"F6A24292",
			"x":-48,
			"y":-108
			},
			{
			"res":"90A21013",
			"x":-48,
			"y":-108
			},
			{
			"res":"D5F36889",
			"x":-48,
			"y":-108
			},
			{
			"res":"EF96C746",
			"x":-48,
			"y":-108
			},
			{
			"res":"1ACDB10F",
			"x":-48,
			"y":-108
			},
			{
			"res":"708BD4AF",
			"x":-48,
			"y":-108
			},
			{
			"res":"8A991D7C",
			"x":-48,
			"y":-108
			},
			{
			"res":"B164B910",
			"x":-48,
			"y":-108
			},
			{
			"res":"988188D2",
			"x":-48,
			"y":-108
			},
			{
			"res":"785716EB",
			"x":-48,
			"y":-108
			},
			{
			"res":"87161C5A",
			"x":-48,
			"y":-108
			},
			{
			"res":"CAE8585E",
			"x":-48,
			"y":-108
			},
			{
			"res":"A16A4670",
			"x":-48,
			"y":-108
			},
			{
			"res":"CE4F5F7B",
			"x":-51,
			"y":-110
			},
			{
			"res":"88220E7F",
			"x":-48,
			"y":-111
			},
			{
			"res":"51AE06E9",
			"x":-48,
			"y":-113
			},
			{
			"res":"84FDABE3",
			"x":-48,
			"y":-115
			},
			{
			"res":"E02AB79C",
			"x":-51,
			"y":-117
			},
			{
			"res":"256D6AFA",
			"x":-49,
			"y":-119
			},
			{
			"res":"86916093",
			"x":-48,
			"y":-120
			},
			{
			"res":"99695A2A",
			"x":-48,
			"y":-121
			},
			{
			"res":"BBA10A0F",
			"x":-48,
			"y":-121
			},
			{
			"res":"846B8ACB",
			"x":-48,
			"y":-121
			},
			{
			"res":"574D86FE",
			"x":-48,
			"y":-120
			},
			{
			"res":"E6BFF858",
			"x":-48,
			"y":-119
			},
			{
			"res":"EDC0EFD3",
			"x":-48,
			"y":-118
			},
			{
			"res":"9262074B",
			"x":-48,
			"y":-116
			},
			{
			"res":"C147C24",
			"x":-48,
			"y":-115
			},
			{
			"res":"EE629957",
			"x":-48,
			"y":-113
			},
			{
			"res":"3723D554",
			"x":-48,
			"y":-113
			},
			{
			"res":"3392457D",
			"x":-48,
			"y":-113
			},
			{
			"res":"40C7FCC4",
			"x":-48,
			"y":-113
			},
			{
			"res":"4B4AE7EB",
			"x":-48,
			"y":-113
			},
			{
			"res":"A0D37614",
			"x":-48,
			"y":-113
			},
			{
			"res":"8A1758D3",
			"x":-48,
			"y":-112
			},
			{
			"res":"BB39F15",
			"x":-48,
			"y":-112
			},
			{
			"res":"C416D314",
			"x":-48,
			"y":-111
			},
			{
			"res":"C5157E56",
			"x":-48,
			"y":-110
			},
			{
			"res":"EE0432F6",
			"x":-48,
			"y":-109
			},
			{
			"res":"5DD384C8",
			"x":-48,
			"y":-108
			},
			{
			"res":"19985B93",
			"x":-48,
			"y":-107
			},
			{
			"res":"5988BBB2",
			"x":-48,
			"y":-107
			},
			{
			"res":"32BBA244",
			"x":-48,
			"y":-107
			},
			{
			"res":"1A15D42E",
			"x":-48,
			"y":-107
			},
			{
			"res":"AC1CB4D1",
			"x":-48,
			"y":-107
			},
			{
			"res":"2620820B",
			"x":-48,
			"y":-107
			},
			{
			"res":"B4ABCFF1",
			"x":-48,
			"y":-107
			},
			{
			"res":"B82DFF3C",
			"x":-48,
			"y":-107
			},
			{
			"res":"A4789862",
			"x":-48,
			"y":-107
			},
			{
			"res":"E7D902E",
			"x":-48,
			"y":-107
			},
			{
			"res":"C8F71A48",
			"x":-48,
			"y":-107
			},
			{
			"res":"71F909F8",
			"x":-48,
			"y":-108
			},
			{
			"res":"DC41982F",
			"x":-48,
			"y":-108
			},
			{
			"res":"368C72F6",
			"x":-48,
			"y":-108
			},
			{
			"res":"250B8EEB",
			"x":-48,
			"y":-108
			},
			{
			"res":"2A3F35D3",
			"x":-48,
			"y":-108
			},
			{
			"res":"5642FEC7",
			"x":-48,
			"y":-108
			},
			{
			"res":"D17A7D45",
			"x":-48,
			"y":-108
			},
			{
			"res":"7666AB56",
			"x":-48,
			"y":-108
			},
			{
			"res":"8E5F764A",
			"x":-48,
			"y":-108
			},
			{
			"res":"15D75533",
			"x":-48,
			"y":-108
			},
			{
			"res":"5CEA150A",
			"x":-48,
			"y":-108
			},
			{
			"res":"8B285ED4",
			"x":-48,
			"y":-108
			},
			{
			"res":"89AF7A0D",
			"x":-48,
			"y":-108
			},
			{
			"res":"43232A99",
			"x":-48,
			"y":-108
			},
			{
			"res":"E7811B51",
			"x":-48,
			"y":-108
			},
			{
			"res":"AC8A9409",
			"x":-48,
			"y":-108
			},
			{
			"res":"BCC880D7",
			"x":-48,
			"y":-108
			},
			{
			"res":"74DD0AAD",
			"x":-48,
			"y":-108
			},
			{
			"res":"B9F05037",
			"x":-48,
			"y":-108
			},
			{
			"res":"7D361FF",
			"x":-48,
			"y":-108
			},
			{
			"res":"237189EC",
			"x":-49,
			"y":-109
			},
			{
			"res":"9A27D2A7",
			"x":-49,
			"y":-109
			},
			{
			"res":"E33BF104",
			"x":-50,
			"y":-110
			},
			{
			"res":"F75750F6",
			"x":-51,
			"y":-110
			},
			{
			"res":"C471BCE8",
			"x":-51,
			"y":-111
			},
			{
			"res":"56DA1CC0",
			"x":-51,
			"y":-111
			},
			{
			"res":"CE10CDB5",
			"x":-51,
			"y":-112
			},
			{
			"res":"135D2A0A",
			"x":-50,
			"y":-113
			},
			{
			"res":"73AC70A2",
			"x":-48,
			"y":-114
			},
			{
			"res":"E8261E25",
			"x":-48,
			"y":-115
			},
			{
			"res":"15827A40",
			"x":-48,
			"y":-116
			},
			{
			"res":"D3CF893B",
			"x":-48,
			"y":-117
			},
			{
			"res":"ACFEA06B",
			"x":-48,
			"y":-21,
			"duration":2
			}
			]
}},
	"res":{
		"86916093":{"x":490,"y":1,"w":161,"h":121},
		"15827A40":{"x":1798,"y":1,"w":161,"h":117},
		"B9F05037":{"x":327,"y":691,"w":161,"h":109},
		"F6E27913":{"x":1305,"y":691,"w":161,"h":109},
		"89AF7A0D":{"x":1794,"y":1023,"w":161,"h":109},
		"135D2A0A":{"x":1309,"y":122,"w":163,"h":114},
		"237189EC":{"x":1797,"y":467,"w":162,"h":110},
		"90041EA1":{"x":164,"y":1136,"w":161,"h":108},
		"D0290276":{"x":1468,"y":802,"w":161,"h":109},
		"BB39F15":{"x":1471,"y":354,"w":161,"h":113},
		"3723D554":{"x":656,"y":240,"w":161,"h":114},
		"73AC70A2":{"x":816,"y":123,"w":161,"h":115},
		"E7D902E":{"x":1142,"y":1245,"w":161,"h":108},
		"E02AB79C":{"x":980,"y":1,"w":164,"h":118},
		"8B285ED4":{"x":327,"y":913,"w":161,"h":109},
		"84FDABE3":{"x":1635,"y":120,"w":161,"h":116},
		"8632A1A":{"x":1142,"y":1024,"w":161,"h":109},
		"142D41B6":{"x":1142,"y":1135,"w":161,"h":108},
		"1855AD5F":{"x":653,"y":581,"w":161,"h":109},
		"32BBA244":{"x":490,"y":1245,"w":161,"h":108},
		"3392457D":{"x":493,"y":238,"w":161,"h":114},
		"3A650D2F":{"x":816,"y":691,"w":161,"h":109},
		"256D6AFA":{"x":816,"y":1,"w":162,"h":120},
		"AA00A0D5":{"x":1634,"y":354,"w":161,"h":113},
		"CE10CDB5":{"x":1143,"y":123,"w":164,"h":113},
		"84FD97B6":{"x":653,"y":1025,"w":161,"h":108},
		"AC1CB4D1":{"x":327,"y":1135,"w":161,"h":108},
		"957DDC38":{"x":1305,"y":913,"w":161,"h":109},
		"543F407A":{"x":979,"y":1023,"w":161,"h":109},
		"40C7FCC4":{"x":1632,"y":238,"w":161,"h":114},
		"E1A0807F":{"x":1308,"y":354,"w":161,"h":113},
		"6DA51623":{"x":1468,"y":1245,"w":161,"h":108},
		"9FB168F":{"x":819,"y":469,"w":161,"h":109},
		"99C76369":{"x":979,"y":1134,"w":161,"h":108},
		"15D75533":{"x":653,"y":470,"w":161,"h":109},
		"1A15D42E":{"x":490,"y":1135,"w":161,"h":108},
		"35E1BC0B":{"x":1635,"y":579,"w":161,"h":109},
		"45105E5F":{"x":1798,"y":579,"w":161,"h":109},
		"5CEA150A":{"x":1145,"y":580,"w":161,"h":109},
		"E0F45C7A":{"x":816,"y":1245,"w":161,"h":108},
		"CB64AEB8":{"x":1795,"y":238,"w":161,"h":114},
		"56DA1CC0":{"x":490,"y":124,"w":164,"h":112},
		"85463CD6":{"x":490,"y":1025,"w":161,"h":108},
		"99695A2A":{"x":1,"y":1,"w":161,"h":122},
		"4B4AE7EB":{"x":1306,"y":238,"w":161,"h":114},
		"37C62A41":{"x":1631,"y":1134,"w":161,"h":108},
		"708BD4AF":{"x":490,"y":692,"w":161,"h":109},
		"E9BB8758":{"x":327,"y":802,"w":161,"h":109},
		"FD8170CC":{"x":653,"y":1135,"w":161,"h":108},
		"6E888C0C":{"x":816,"y":1135,"w":161,"h":108},
		"A0D37614":{"x":1469,"y":238,"w":161,"h":114},
		"60B08378":{"x":1468,"y":1135,"w":161,"h":108},
		"99783CFF":{"x":1,"y":1136,"w":161,"h":108},
		"F6A24292":{"x":653,"y":803,"w":161,"h":109},
		"C8F71A48":{"x":1794,"y":1244,"w":161,"h":108},
		"8A991D7C":{"x":979,"y":912,"w":161,"h":109},
		"DF4513FA":{"x":1631,"y":912,"w":161,"h":109},
		"BBA10A0F":{"x":164,"y":1,"w":161,"h":122},
		"C471BCE8":{"x":1,"y":125,"w":164,"h":112},
		"2620820B":{"x":327,"y":1355,"w":161,"h":108},
		"B164B910":{"x":1468,"y":913,"w":161,"h":109},
		"20FD3F47":{"x":1,"y":239,"w":161,"h":114},
		"8A1758D3":{"x":493,"y":354,"w":161,"h":113},
		"988188D2":{"x":816,"y":1024,"w":161,"h":109},
		"846B8ACB":{"x":327,"y":1,"w":161,"h":122},
		"71F909F8":{"x":164,"y":1025,"w":161,"h":109},
		"E174C304":{"x":167,"y":125,"w":161,"h":114},
		"785716EB":{"x":1146,"y":469,"w":161,"h":109},
		"E6DC6456":{"x":1309,"y":469,"w":161,"h":109},
		"797DB101":{"x":1472,"y":469,"w":161,"h":109},
		"DC41982F":{"x":164,"y":470,"w":161,"h":109},
		"58259DD1":{"x":330,"y":238,"w":161,"h":114},
		"12B8A2DC":{"x":979,"y":1244,"w":161,"h":108},
		"B4ABCFF1":{"x":1631,"y":1244,"w":161,"h":108},
		"87161C5A":{"x":982,"y":579,"w":161,"h":109},
		"574D86FE":{"x":653,"y":1,"w":161,"h":121},
		"5C940DF8":{"x":1143,"y":238,"w":161,"h":114},
		"368C72F6":{"x":327,"y":580,"w":161,"h":109},
		"CAE8585E":{"x":816,"y":580,"w":161,"h":109},
		"5B149FBB":{"x":1,"y":1246,"w":161,"h":108},
		"19985B93":{"x":979,"y":1354,"w":161,"h":108},
		"B82DFF3C":{"x":1794,"y":1354,"w":161,"h":108},
		"E33BF104":{"x":1797,"y":354,"w":163,"h":111},
		"81839DC3":{"x":1308,"y":580,"w":161,"h":109},
		"250B8EEB":{"x":1471,"y":580,"w":161,"h":109},
		"C15ADB32":{"x":1,"y":581,"w":161,"h":109},
		"4540FCC6":{"x":164,"y":581,"w":161,"h":109},
		"EEDE41E6":{"x":1794,"y":1134,"w":161,"h":108},
		"A16A4670":{"x":490,"y":581,"w":161,"h":109},
		"E6BFF858":{"x":1146,"y":1,"w":161,"h":120},
		"6AEB586D":{"x":979,"y":690,"w":161,"h":109},
		"251D8861":{"x":1634,"y":690,"w":161,"h":109},
		"79C681C2":{"x":1797,"y":690,"w":161,"h":109},
		"5DAF7EDF":{"x":1305,"y":1135,"w":161,"h":108},
		"F75750F6":{"x":327,"y":354,"w":164,"h":111},
		"9A27D2A7":{"x":982,"y":467,"w":162,"h":110},
		"AAC50DDD":{"x":1142,"y":691,"w":161,"h":109},
		"E0C14D9":{"x":1,"y":355,"w":161,"h":112},
		"44045B26":{"x":1468,"y":691,"w":161,"h":109},
		"EF96C746":{"x":1,"y":692,"w":161,"h":109},
		"3D4815F6":{"x":327,"y":1245,"w":161,"h":108},
		"1ACDB10F":{"x":164,"y":692,"w":161,"h":109},
		"AEA2A6FA":{"x":164,"y":357,"w":161,"h":111},
		"8E5F764A":{"x":653,"y":692,"w":161,"h":109},
		"CF1EE071":{"x":1305,"y":1245,"w":161,"h":108},
		"FA179C80":{"x":979,"y":801,"w":161,"h":109},
		"5DD384C8":{"x":1631,"y":801,"w":161,"h":109},
		"C956C0D":{"x":164,"y":1246,"w":161,"h":108},
		"7666AB56":{"x":1794,"y":801,"w":161,"h":109},
		"A4789862":{"x":1631,"y":1354,"w":161,"h":108},
		"EDC0EFD3":{"x":1309,"y":1,"w":161,"h":119},
		"A044FCF3":{"x":816,"y":802,"w":161,"h":109},
		"3A36F654":{"x":1142,"y":802,"w":161,"h":109},
		"2A3F35D3":{"x":1305,"y":802,"w":161,"h":109},
		"4FB70D36":{"x":490,"y":469,"w":161,"h":110},
		"D5F36889":{"x":1,"y":803,"w":161,"h":109},
		"ACFEA06B":{"x":653,"y":1355,"w":161,"h":22},
		"D17A7D45":{"x":164,"y":803,"w":161,"h":109},
		"858904AF":{"x":490,"y":803,"w":161,"h":109},
		"CE4F5F7B":{"x":1142,"y":354,"w":164,"h":111},
		"9262074B":{"x":1635,"y":1,"w":161,"h":117},
		"D3CF893B":{"x":1472,"y":1,"w":161,"h":118},
		"90A21013":{"x":1794,"y":912,"w":161,"h":109},
		"EE0432F6":{"x":1,"y":469,"w":161,"h":110},
		"43F34124":{"x":816,"y":913,"w":161,"h":109},
		"BCC880D7":{"x":1142,"y":913,"w":161,"h":109},
		"C5157E56":{"x":327,"y":467,"w":161,"h":111},
		"C147C24":{"x":1798,"y":120,"w":161,"h":116},
		"5642FEC7":{"x":1,"y":914,"w":161,"h":109},
		"AC8A9409":{"x":164,"y":914,"w":161,"h":109},
		"DC435444":{"x":490,"y":914,"w":161,"h":109},
		"FE225AAB":{"x":653,"y":914,"w":161,"h":109},
		"5988BBB2":{"x":653,"y":1245,"w":161,"h":108},
		"88220E7F":{"x":819,"y":355,"w":161,"h":112},
		"74DD0AAD":{"x":1631,"y":1023,"w":161,"h":109},
		"C416D314":{"x":656,"y":356,"w":161,"h":112},
		"E7811B51":{"x":327,"y":1024,"w":161,"h":109},
		"51AE06E9":{"x":979,"y":239,"w":161,"h":114},
		"E8261E25":{"x":980,"y":121,"w":161,"h":116},
		"AFB26C5F":{"x":1305,"y":1024,"w":161,"h":109},
		"43232A99":{"x":1468,"y":1024,"w":161,"h":109},
		"7D361FF":{"x":1,"y":1025,"w":161,"h":109},
		"EE629957":{"x":164,"y":241,"w":161,"h":114},
		"B930B833":{"x":490,"y":1355,"w":161,"h":108}
	}}