{"mc":{
	"paniniUp":{
		"frameRate":25,
		"events":[
			
			],
		"frames":[
			
			{
			"res":"B8DAB35C",
			"x":-53,
			"y":-520
			},
			{
			"res":"2AB353C",
			"x":-53,
			"y":-551
			},
			{
			"res":"29DDFED1",
			"x":-53,
			"y":-580
			},
			{
			"res":"C8860C43",
			"x":-53,
			"y":-608
			},
			{
			"res":"2AB353C",
			"x":-53,
			"y":-636
			},
			{
			"res":"6AE72506",
			"x":-53,
			"y":-662
			},
			{
			"res":"BF5827F1",
			"x":-53,
			"y":-688
			},
			{
			"res":"B8DAB35C",
			"x":-53,
			"y":-712
			},
			{
			"res":"EC38F9D8",
			"x":-53,
			"y":-736
			},
			{
			"res":"5536DB04",
			"x":-53,
			"y":-759,
			"duration":2
			},
			{
			"res":"B8DAB35C",
			"x":-53,
			"y":-802
			},
			{
			"res":"15A9007C",
			"x":-53,
			"y":-823
			},
			{
			"res":"B7611C98",
			"x":-53,
			"y":-842
			},
			{
			"res":"53019A9",
			"x":-53,
			"y":-860
			},
			{
			"res":"B7611C98",
			"x":-53,
			"y":-878
			},
			{
			"res":"2AB353C",
			"x":-53,
			"y":-895
			},
			{
			"res":"5536DB04",
			"x":-53,
			"y":-910
			},
			{
			"res":"6AE72506",
			"x":-53,
			"y":-925
			},
			{
			"res":"7C2E747D",
			"x":-53,
			"y":-939,
			"duration":2
			},
			{
			"res":"5536DB04",
			"x":-53,
			"y":-964
			},
			{
			"res":"DF59C601",
			"x":-53,
			"y":-975
			},
			{
			"res":"29DDFED1",
			"x":-53,
			"y":-986
			},
			{
			"res":"5536DB04",
			"x":-53,
			"y":-995
			},
			{
			"res":"BF5827F1",
			"x":-53,
			"y":-1004
			},
			{
			"res":"B8DAB35C",
			"x":-53,
			"y":-1011
			},
			{
			"res":"5536DB04",
			"x":-53,
			"y":-1018
			},
			{
			"res":"BC30D292",
			"x":-53,
			"y":-1024
			},
			{
			"res":"D8E62310",
			"x":-53,
			"y":-1029,
			"duration":2
			},
			{
			"res":"4AA2A4E1",
			"x":-53,
			"y":-1036
			},
			{
			"res":"B8DAB35C",
			"x":-53,
			"y":-1038
			},
			{
			"res":"BF5827F1",
			"x":-53,
			"y":-1040
			},
			{
			"res":"C8860C43",
			"x":-53,
			"y":-1040
			}
			]
}},
	"res":{
		"7C2E747D":{"x":0,"y":0,"w":107,"h":521},
		"BC30D292":{"x":109,"y":0,"w":107,"h":521},
		"B7611C98":{"x":218,"y":0,"w":107,"h":521},
		"DF59C601":{"x":109,"y":523,"w":107,"h":520},
		"EC38F9D8":{"x":327,"y":523,"w":107,"h":520},
		"6AE72506":{"x":327,"y":0,"w":107,"h":521},
		"5536DB04":{"x":436,"y":0,"w":107,"h":521},
		"4AA2A4E1":{"x":545,"y":0,"w":107,"h":521},
		"D8E62310":{"x":218,"y":523,"w":107,"h":520},
		"53019A9":{"x":218,"y":1045,"w":107,"h":520},
		"15A9007C":{"x":654,"y":0,"w":107,"h":521},
		"BF5827F1":{"x":763,"y":0,"w":107,"h":521},
		"B8DAB35C":{"x":109,"y":1045,"w":107,"h":520},
		"C8860C43":{"x":872,"y":0,"w":107,"h":521},
		"2AB353C":{"x":0,"y":523,"w":107,"h":521},
		"29DDFED1":{"x":0,"y":1046,"w":107,"h":521}
	}}