{"mc":{
	"sela1":{
		"frameRate":25,
		"events":[
			
			],
		"frames":[
			
			{
			"res":"B5064E14",
			"x":-48,
			"y":-87
			},
			{
			"res":"F6CA0211",
			"x":-48,
			"y":-129
			},
			{
			"res":"94264481",
			"x":-48,
			"y":-129
			},
			{
			"res":"AD37A9FA",
			"x":-48,
			"y":-128
			},
			{
			"res":"31D19199",
			"x":-48,
			"y":-126
			},
			{
			"res":"D3575A7A",
			"x":-48,
			"y":-123
			},
			{
			"res":"450435B",
			"x":-48,
			"y":-120
			},
			{
			"res":"BE2EBD71",
			"x":-48,
			"y":-116
			},
			{
			"res":"3CF0A213",
			"x":-48,
			"y":-110
			},
			{
			"res":"5429E341",
			"x":-48,
			"y":-104
			},
			{
			"res":"1846FFD2",
			"x":-48,
			"y":-98
			},
			{
			"res":"825AED49",
			"x":-48,
			"y":-90
			},
			{
			"res":"37642A13",
			"x":-48,
			"y":-87
			},
			{
			"res":"C67E53BD",
			"x":-48,
			"y":-87
			},
			{
			"res":"F14CA5A0",
			"x":-48,
			"y":-87
			},
			{
			"res":"55991D81",
			"x":-48,
			"y":-87
			},
			{
			"res":"1197E84E",
			"x":-48,
			"y":-87
			},
			{
			"res":"34764BB6",
			"x":-48,
			"y":-87
			},
			{
			"res":"532CE54A",
			"x":-48,
			"y":-87
			},
			{
			"res":"18C6F7",
			"x":-48,
			"y":-84
			},
			{
			"res":"6D7802F5",
			"x":-49,
			"y":-82
			},
			{
			"res":"5757433D",
			"x":-50,
			"y":-83
			},
			{
			"res":"D2C73A32",
			"x":-51,
			"y":-84
			},
			{
			"res":"E7AD5C9",
			"x":-49,
			"y":-84
			},
			{
			"res":"E0CDC07A",
			"x":-48,
			"y":-84
			},
			{
			"res":"D62789AA",
			"x":-46,
			"y":-84
			},
			{
			"res":"15E86D37",
			"x":-49,
			"y":-82
			},
			{
			"res":"2596C437",
			"x":-52,
			"y":-80
			},
			{
			"res":"183BC6FA",
			"x":-55,
			"y":-79
			},
			{
			"res":"A98F98D4",
			"x":-58,
			"y":-80
			},
			{
			"res":"3A2054B1",
			"x":-61,
			"y":-82
			},
			{
			"res":"52F23B2C",
			"x":-64,
			"y":-84
			},
			{
			"res":"3D44C721",
			"x":-67,
			"y":-82
			},
			{
			"res":"9134F786",
			"x":-71,
			"y":-83
			},
			{
			"res":"4E16AE2C",
			"x":-51,
			"y":-84
			},
			{
			"res":"6C15E33F",
			"x":-49,
			"y":-84
			},
			{
			"res":"72BDC34",
			"x":-48,
			"y":-84
			},
			{
			"res":"DBFCF711",
			"x":-46,
			"y":-84
			},
			{
			"res":"DDE1ED49",
			"x":-47,
			"y":-82
			},
			{
			"res":"AB7B30B7",
			"x":-48,
			"y":-80
			},
			{
			"res":"4800C7F3",
			"x":-48,
			"y":-78
			},
			{
			"res":"76EF2028",
			"x":-48,
			"y":-78
			},
			{
			"res":"9987EBBE",
			"x":-48,
			"y":-78
			},
			{
			"res":"18C6F7",
			"x":-48,
			"y":-84
			},
			{
			"res":"6D7802F5",
			"x":-49,
			"y":-82
			},
			{
			"res":"5757433D",
			"x":-50,
			"y":-83
			},
			{
			"res":"97AB7F7A",
			"x":-51,
			"y":-84
			},
			{
			"res":"6C15E33F",
			"x":-49,
			"y":-84
			},
			{
			"res":"72BDC34",
			"x":-48,
			"y":-84
			},
			{
			"res":"DBFCF711",
			"x":-46,
			"y":-84
			},
			{
			"res":"2F649ADE",
			"x":-47,
			"y":-82
			},
			{
			"res":"294755A9",
			"x":-48,
			"y":-80
			},
			{
			"res":"802DDDCF",
			"x":-48,
			"y":-78
			},
			{
			"res":"FD497F18",
			"x":-48,
			"y":-78
			},
			{
			"res":"7A46CC76",
			"x":-48,
			"y":-78
			},
			{
			"res":"AB28B649",
			"x":-49,
			"y":-84
			},
			{
			"res":"175608EF",
			"x":-52,
			"y":-82
			},
			{
			"res":"DC80C4BC",
			"x":-55,
			"y":-83
			},
			{
			"res":"EF1045F5",
			"x":-58,
			"y":-84
			},
			{
			"res":"D911A88F",
			"x":-61,
			"y":-84
			},
			{
			"res":"55C121EF",
			"x":-64,
			"y":-84
			},
			{
			"res":"8BC032C5",
			"x":-67,
			"y":-84
			},
			{
			"res":"1B8259F2",
			"x":-71,
			"y":-82
			},
			{
			"res":"72C6E1E1",
			"x":-48,
			"y":-80
			},
			{
			"res":"CD4EB070",
			"x":-48,
			"y":-78
			},
			{
			"res":"855ECECC",
			"x":-48,
			"y":-78
			},
			{
			"res":"F4C5D3D8",
			"x":-48,
			"y":-84
			},
			{
			"res":"1D4D0A9E",
			"x":-48,
			"y":-84
			},
			{
			"res":"BE91AED9",
			"x":-49,
			"y":-85
			},
			{
			"res":"9B08C39",
			"x":-50,
			"y":-88
			},
			{
			"res":"63FE9086",
			"x":-51,
			"y":-92
			},
			{
			"res":"8588D84B",
			"x":-49,
			"y":-96
			},
			{
			"res":"39E44153",
			"x":-48,
			"y":-101
			},
			{
			"res":"D0797078",
			"x":-46,
			"y":-105
			},
			{
			"res":"90A2180",
			"x":-47,
			"y":-108
			},
			{
			"res":"6C413953",
			"x":-48,
			"y":-99
			},
			{
			"res":"18340CE8",
			"x":-48,
			"y":-92
			},
			{
			"res":"251C5D0A",
			"x":-48,
			"y":-87
			},
			{
			"res":"7F348A8B",
			"x":-48,
			"y":-84
			},
			{
			"res":"EC089090",
			"x":-48,
			"y":-84
			},
			{
			"res":"CE62BDF0",
			"x":-49,
			"y":-85
			},
			{
			"res":"3F779117",
			"x":-50,
			"y":-88
			},
			{
			"res":"570E15DA",
			"x":-51,
			"y":-92
			},
			{
			"res":"662257F0",
			"x":-49,
			"y":-96
			},
			{
			"res":"2115FB7C",
			"x":-49,
			"y":-101
			},
			{
			"res":"7D7037C",
			"x":-52,
			"y":-105
			},
			{
			"res":"732C9F2C",
			"x":-55,
			"y":-108
			},
			{
			"res":"B3C9D4F2",
			"x":-58,
			"y":-99
			},
			{
			"res":"E54078BE",
			"x":-61,
			"y":-92
			},
			{
			"res":"A7FCCBD8",
			"x":-64,
			"y":-87
			},
			{
			"res":"100265C1",
			"x":-67,
			"y":-84
			},
			{
			"res":"5C8E7580",
			"x":-71,
			"y":-84
			},
			{
			"res":"9F9FF82A",
			"x":-49,
			"y":-85
			},
			{
			"res":"493A5761",
			"x":-50,
			"y":-88
			},
			{
			"res":"570ED81",
			"x":-51,
			"y":-92
			},
			{
			"res":"8588D84B",
			"x":-49,
			"y":-96
			},
			{
			"res":"B891BBC3",
			"x":-48,
			"y":-101
			},
			{
			"res":"9D7AA83",
			"x":-46,
			"y":-105
			},
			{
			"res":"964721CE",
			"x":-47,
			"y":-108
			},
			{
			"res":"B7F000AE",
			"x":-48,
			"y":-99
			},
			{
			"res":"C69FFD5D",
			"x":-48,
			"y":-92
			},
			{
			"res":"B0923008",
			"x":-48,
			"y":-87
			},
			{
			"res":"72D6716C",
			"x":-48,
			"y":-84
			},
			{
			"res":"BEC46ADA",
			"x":-48,
			"y":-84
			},
			{
			"res":"18C6F7",
			"x":-48,
			"y":-84
			},
			{
			"res":"6D7802F5",
			"x":-49,
			"y":-82
			},
			{
			"res":"5757433D",
			"x":-50,
			"y":-83
			},
			{
			"res":"D2C73A32",
			"x":-51,
			"y":-84
			},
			{
			"res":"E7AD5C9",
			"x":-49,
			"y":-84
			},
			{
			"res":"E0CDC07A",
			"x":-48,
			"y":-84
			},
			{
			"res":"D62789AA",
			"x":-46,
			"y":-84
			},
			{
			"res":"15E86D37",
			"x":-49,
			"y":-82
			},
			{
			"res":"2596C437",
			"x":-52,
			"y":-80
			},
			{
			"res":"183BC6FA",
			"x":-55,
			"y":-79
			},
			{
			"res":"A98F98D4",
			"x":-58,
			"y":-80
			},
			{
			"res":"3A2054B1",
			"x":-61,
			"y":-82
			},
			{
			"res":"52F23B2C",
			"x":-64,
			"y":-84
			},
			{
			"res":"3D44C721",
			"x":-67,
			"y":-82
			},
			{
			"res":"9134F786",
			"x":-71,
			"y":-83
			},
			{
			"res":"4E16AE2C",
			"x":-51,
			"y":-84
			},
			{
			"res":"6C15E33F",
			"x":-49,
			"y":-84
			},
			{
			"res":"72BDC34",
			"x":-48,
			"y":-84
			},
			{
			"res":"DBFCF711",
			"x":-46,
			"y":-84
			},
			{
			"res":"DDE1ED49",
			"x":-47,
			"y":-82
			},
			{
			"res":"AB7B30B7",
			"x":-48,
			"y":-80
			},
			{
			"res":"4800C7F3",
			"x":-48,
			"y":-78
			},
			{
			"res":"76EF2028",
			"x":-48,
			"y":-78
			},
			{
			"res":"9987EBBE",
			"x":-48,
			"y":-78
			},
			{
			"res":"18C6F7",
			"x":-48,
			"y":-84
			},
			{
			"res":"6D7802F5",
			"x":-49,
			"y":-82
			},
			{
			"res":"5757433D",
			"x":-50,
			"y":-83
			},
			{
			"res":"97AB7F7A",
			"x":-51,
			"y":-84
			},
			{
			"res":"6C15E33F",
			"x":-49,
			"y":-84
			},
			{
			"res":"72BDC34",
			"x":-48,
			"y":-84
			},
			{
			"res":"DBFCF711",
			"x":-46,
			"y":-84
			},
			{
			"res":"2F649ADE",
			"x":-47,
			"y":-82
			},
			{
			"res":"294755A9",
			"x":-48,
			"y":-80
			},
			{
			"res":"802DDDCF",
			"x":-48,
			"y":-78
			},
			{
			"res":"FD497F18",
			"x":-48,
			"y":-78
			},
			{
			"res":"7A46CC76",
			"x":-48,
			"y":-78
			},
			{
			"res":"AB28B649",
			"x":-49,
			"y":-84
			},
			{
			"res":"175608EF",
			"x":-52,
			"y":-82
			},
			{
			"res":"DC80C4BC",
			"x":-55,
			"y":-83
			},
			{
			"res":"EF1045F5",
			"x":-58,
			"y":-84
			},
			{
			"res":"D911A88F",
			"x":-61,
			"y":-84
			},
			{
			"res":"55C121EF",
			"x":-64,
			"y":-84
			},
			{
			"res":"8BC032C5",
			"x":-67,
			"y":-84
			},
			{
			"res":"1B8259F2",
			"x":-71,
			"y":-82
			},
			{
			"res":"72C6E1E1",
			"x":-48,
			"y":-80
			},
			{
			"res":"CD4EB070",
			"x":-48,
			"y":-78
			},
			{
			"res":"855ECECC",
			"x":-48,
			"y":-78
			},
			{
			"res":"F4C5D3D8",
			"x":-48,
			"y":-84
			},
			{
			"res":"1D4D0A9E",
			"x":-48,
			"y":-84
			},
			{
			"res":"BE91AED9",
			"x":-49,
			"y":-85
			},
			{
			"res":"9B08C39",
			"x":-50,
			"y":-88
			},
			{
			"res":"63FE9086",
			"x":-51,
			"y":-92
			},
			{
			"res":"8588D84B",
			"x":-49,
			"y":-96
			},
			{
			"res":"39E44153",
			"x":-48,
			"y":-101
			},
			{
			"res":"D0797078",
			"x":-46,
			"y":-105
			},
			{
			"res":"90A2180",
			"x":-47,
			"y":-108
			},
			{
			"res":"6C413953",
			"x":-48,
			"y":-99
			},
			{
			"res":"18340CE8",
			"x":-48,
			"y":-92
			},
			{
			"res":"251C5D0A",
			"x":-48,
			"y":-87
			},
			{
			"res":"7F348A8B",
			"x":-48,
			"y":-84
			},
			{
			"res":"EC089090",
			"x":-48,
			"y":-84
			},
			{
			"res":"CE62BDF0",
			"x":-49,
			"y":-85
			},
			{
			"res":"3F779117",
			"x":-50,
			"y":-88
			},
			{
			"res":"570E15DA",
			"x":-51,
			"y":-92
			},
			{
			"res":"662257F0",
			"x":-49,
			"y":-96
			},
			{
			"res":"2115FB7C",
			"x":-49,
			"y":-101
			},
			{
			"res":"7D7037C",
			"x":-52,
			"y":-105
			},
			{
			"res":"732C9F2C",
			"x":-55,
			"y":-108
			},
			{
			"res":"B3C9D4F2",
			"x":-58,
			"y":-99
			},
			{
			"res":"E54078BE",
			"x":-61,
			"y":-92
			},
			{
			"res":"A7FCCBD8",
			"x":-64,
			"y":-87
			},
			{
			"res":"100265C1",
			"x":-67,
			"y":-84
			},
			{
			"res":"5C8E7580",
			"x":-71,
			"y":-84
			},
			{
			"res":"9F9FF82A",
			"x":-49,
			"y":-85
			},
			{
			"res":"493A5761",
			"x":-50,
			"y":-88
			},
			{
			"res":"570ED81",
			"x":-51,
			"y":-92
			},
			{
			"res":"8588D84B",
			"x":-49,
			"y":-96
			},
			{
			"res":"B891BBC3",
			"x":-48,
			"y":-101
			},
			{
			"res":"9D7AA83",
			"x":-46,
			"y":-105
			},
			{
			"res":"964721CE",
			"x":-47,
			"y":-108
			},
			{
			"res":"B7F000AE",
			"x":-48,
			"y":-99
			},
			{
			"res":"C69FFD5D",
			"x":-48,
			"y":-92
			},
			{
			"res":"B0923008",
			"x":-48,
			"y":-87
			},
			{
			"res":"72D6716C",
			"x":-48,
			"y":-84
			},
			{
			"res":"BEC46ADA",
			"x":-48,
			"y":-84
			},
			{
			"res":"18C6F7",
			"x":-48,
			"y":-84
			},
			{
			"res":"6D7802F5",
			"x":-49,
			"y":-82
			},
			{
			"res":"5757433D",
			"x":-50,
			"y":-83
			},
			{
			"res":"D2C73A32",
			"x":-51,
			"y":-84
			},
			{
			"res":"E7AD5C9",
			"x":-49,
			"y":-84
			},
			{
			"res":"E0CDC07A",
			"x":-48,
			"y":-84
			},
			{
			"res":"D62789AA",
			"x":-46,
			"y":-84
			},
			{
			"res":"15E86D37",
			"x":-49,
			"y":-82
			},
			{
			"res":"2596C437",
			"x":-52,
			"y":-80
			},
			{
			"res":"183BC6FA",
			"x":-55,
			"y":-79
			},
			{
			"res":"A98F98D4",
			"x":-58,
			"y":-80
			},
			{
			"res":"3A2054B1",
			"x":-61,
			"y":-82
			},
			{
			"res":"52F23B2C",
			"x":-64,
			"y":-84
			},
			{
			"res":"3D44C721",
			"x":-67,
			"y":-82
			},
			{
			"res":"9134F786",
			"x":-71,
			"y":-83
			},
			{
			"res":"4E16AE2C",
			"x":-51,
			"y":-84
			},
			{
			"res":"6C15E33F",
			"x":-49,
			"y":-84
			},
			{
			"res":"72BDC34",
			"x":-48,
			"y":-84
			},
			{
			"res":"DBFCF711",
			"x":-46,
			"y":-84
			},
			{
			"res":"DDE1ED49",
			"x":-47,
			"y":-82
			},
			{
			"res":"AB7B30B7",
			"x":-48,
			"y":-80
			},
			{
			"res":"4800C7F3",
			"x":-48,
			"y":-78
			},
			{
			"res":"76EF2028",
			"x":-48,
			"y":-78
			},
			{
			"res":"9987EBBE",
			"x":-48,
			"y":-78
			},
			{
			"res":"18C6F7",
			"x":-48,
			"y":-84
			},
			{
			"res":"6D7802F5",
			"x":-49,
			"y":-82
			},
			{
			"res":"5757433D",
			"x":-50,
			"y":-83
			},
			{
			"res":"97AB7F7A",
			"x":-51,
			"y":-84
			},
			{
			"res":"6C15E33F",
			"x":-49,
			"y":-84
			},
			{
			"res":"72BDC34",
			"x":-48,
			"y":-84
			},
			{
			"res":"DBFCF711",
			"x":-46,
			"y":-84
			},
			{
			"res":"2F649ADE",
			"x":-47,
			"y":-82
			},
			{
			"res":"294755A9",
			"x":-48,
			"y":-80
			},
			{
			"res":"802DDDCF",
			"x":-48,
			"y":-78
			},
			{
			"res":"FD497F18",
			"x":-48,
			"y":-78
			},
			{
			"res":"7A46CC76",
			"x":-48,
			"y":-78
			},
			{
			"res":"AB28B649",
			"x":-49,
			"y":-84
			},
			{
			"res":"175608EF",
			"x":-52,
			"y":-82
			},
			{
			"res":"DC80C4BC",
			"x":-55,
			"y":-83
			},
			{
			"res":"EF1045F5",
			"x":-58,
			"y":-84
			},
			{
			"res":"D911A88F",
			"x":-61,
			"y":-84
			},
			{
			"res":"55C121EF",
			"x":-64,
			"y":-84
			},
			{
			"res":"8BC032C5",
			"x":-67,
			"y":-84
			},
			{
			"res":"1B8259F2",
			"x":-71,
			"y":-82
			},
			{
			"res":"72C6E1E1",
			"x":-48,
			"y":-80
			},
			{
			"res":"CD4EB070",
			"x":-48,
			"y":-78
			},
			{
			"res":"855ECECC",
			"x":-48,
			"y":-78
			},
			{
			"res":"F4C5D3D8",
			"x":-48,
			"y":-84
			},
			{
			"res":"1D4D0A9E",
			"x":-48,
			"y":-84
			},
			{
			"res":"BE91AED9",
			"x":-49,
			"y":-85
			},
			{
			"res":"9B08C39",
			"x":-50,
			"y":-88
			},
			{
			"res":"63FE9086",
			"x":-51,
			"y":-92
			},
			{
			"res":"8588D84B",
			"x":-49,
			"y":-96
			},
			{
			"res":"39E44153",
			"x":-48,
			"y":-101
			},
			{
			"res":"D0797078",
			"x":-46,
			"y":-105
			},
			{
			"res":"90A2180",
			"x":-47,
			"y":-108
			},
			{
			"res":"6C413953",
			"x":-48,
			"y":-99
			},
			{
			"res":"18340CE8",
			"x":-48,
			"y":-92
			},
			{
			"res":"251C5D0A",
			"x":-48,
			"y":-87
			},
			{
			"res":"7F348A8B",
			"x":-48,
			"y":-84
			},
			{
			"res":"EC089090",
			"x":-48,
			"y":-84
			},
			{
			"res":"CE62BDF0",
			"x":-49,
			"y":-85
			},
			{
			"res":"3F779117",
			"x":-50,
			"y":-88
			},
			{
			"res":"570E15DA",
			"x":-51,
			"y":-92
			},
			{
			"res":"662257F0",
			"x":-49,
			"y":-96
			},
			{
			"res":"2115FB7C",
			"x":-49,
			"y":-101
			},
			{
			"res":"7D7037C",
			"x":-52,
			"y":-105
			},
			{
			"res":"732C9F2C",
			"x":-55,
			"y":-108
			},
			{
			"res":"B3C9D4F2",
			"x":-58,
			"y":-99
			},
			{
			"res":"E54078BE",
			"x":-61,
			"y":-92
			},
			{
			"res":"A7FCCBD8",
			"x":-64,
			"y":-87
			},
			{
			"res":"100265C1",
			"x":-67,
			"y":-84
			},
			{
			"res":"5C8E7580",
			"x":-71,
			"y":-84
			},
			{
			"res":"9F9FF82A",
			"x":-49,
			"y":-85
			},
			{
			"res":"493A5761",
			"x":-50,
			"y":-88
			},
			{
			"res":"570ED81",
			"x":-51,
			"y":-92
			},
			{
			"res":"8588D84B",
			"x":-49,
			"y":-96
			},
			{
			"res":"B891BBC3",
			"x":-48,
			"y":-101
			},
			{
			"res":"9D7AA83",
			"x":-46,
			"y":-105
			},
			{
			"res":"964721CE",
			"x":-47,
			"y":-108
			},
			{
			"res":"B7F000AE",
			"x":-48,
			"y":-99
			},
			{
			"res":"C69FFD5D",
			"x":-48,
			"y":-92
			},
			{
			"res":"B0923008",
			"x":-48,
			"y":-87
			},
			{
			"res":"72D6716C",
			"x":-48,
			"y":-84
			},
			{
			"res":"BEC46ADA",
			"x":-48,
			"y":-84
			},
			{
			"res":"68F522ED",
			"x":-48,
			"y":-87,
			"duration":7
			},
			{
			"res":"6319C215",
			"x":-48,
			"y":-87
			},
			{
			"res":"28FE51EF",
			"x":-48,
			"y":-87
			},
			{
			"res":"FD35F6E3",
			"x":-48,
			"y":-87
			},
			{
			"res":"67E903DD",
			"x":-48,
			"y":-87
			},
			{
			"res":"5D3495E6",
			"x":-48,
			"y":-90
			},
			{
			"res":"DF771A01",
			"x":-48,
			"y":-93
			},
			{
			"res":"13102A59",
			"x":-48,
			"y":-98
			},
			{
			"res":"16EF58AF",
			"x":-48,
			"y":-103
			},
			{
			"res":"46D49A7D",
			"x":-48,
			"y":-109
			},
			{
			"res":"B215A4F1",
			"x":-48,
			"y":-115
			},
			{
			"res":"1B719B48",
			"x":-48,
			"y":-122
			},
			{
			"res":"CCAE8601",
			"x":-48,
			"y":-130
			},
			{
			"res":"B11B0C33",
			"x":-48,
			"y":-87
			}
			]
}},
	"res":{
		"94264481":{"x":151,"y":1,"w":148,"h":130},
		"2596C437":{"x":1800,"y":760,"w":152,"h":80},
		"31D19199":{"x":601,"y":1,"w":148,"h":127},
		"B7F000AE":{"x":302,"y":228,"w":148,"h":99},
		"BE91AED9":{"x":1051,"y":591,"w":148,"h":86},
		"251C5D0A":{"x":1699,"y":496,"w":148,"h":88},
		"D3575A7A":{"x":751,"y":1,"w":148,"h":124},
		"C67E53BD":{"x":601,"y":511,"w":148,"h":88},
		"E0CDC07A":{"x":1351,"y":684,"w":148,"h":84},
		"18340CE8":{"x":1433,"y":326,"w":148,"h":93},
		"855ECECC":{"x":301,"y":848,"w":148,"h":79},
		"76EF2028":{"x":458,"y":773,"w":148,"h":79},
		"4E16AE2C":{"x":751,"y":685,"w":148,"h":84},
		"450435B":{"x":1051,"y":1,"w":148,"h":121},
		"6C413953":{"x":1511,"y":225,"w":148,"h":99},
		"46D49A7D":{"x":1807,"y":1,"w":148,"h":110},
		"90A2180":{"x":1655,"y":114,"w":146,"h":109},
		"964721CE":{"x":1807,"y":113,"w":146,"h":109},
		"CD4EB070":{"x":1799,"y":842,"w":148,"h":79},
		"9D7AA83":{"x":601,"y":130,"w":146,"h":105},
		"9987EBBE":{"x":901,"y":771,"w":148,"h":79},
		"16EF58AF":{"x":901,"y":126,"w":148,"h":104},
		"B891BBC3":{"x":1361,"y":219,"w":148,"h":101},
		"D0797078":{"x":751,"y":127,"w":146,"h":105},
		"72C6E1E1":{"x":1347,"y":770,"w":148,"h":80},
		"B11B0C33":{"x":1,"y":422,"w":148,"h":88},
		"1B8259F2":{"x":1092,"y":322,"w":170,"h":83},
		"13102A59":{"x":1201,"y":221,"w":148,"h":99},
		"E7AD5C9":{"x":1826,"y":674,"w":148,"h":84},
		"570ED81":{"x":1092,"y":407,"w":148,"h":92},
		"4800C7F3":{"x":1649,"y":840,"w":148,"h":79},
		"1D4D0A9E":{"x":151,"y":601,"w":148,"h":85},
		"8BC032C5":{"x":1264,"y":322,"w":167,"h":84},
		"493A5761":{"x":601,"y":420,"w":148,"h":89},
		"55C121EF":{"x":1829,"y":325,"w":164,"h":84},
		"DF771A01":{"x":618,"y":324,"w":148,"h":94},
		"9F9FF82A":{"x":1201,"y":591,"w":148,"h":86},
		"37642A13":{"x":1368,"y":507,"w":148,"h":88},
		"AB7B30B7":{"x":308,"y":766,"w":148,"h":80},
		"39E44153":{"x":1,"y":134,"w":148,"h":101},
		"D911A88F":{"x":1583,"y":410,"w":160,"h":84},
		"EF1045F5":{"x":1392,"y":421,"w":155,"h":84},
		"5D3495E6":{"x":1242,"y":408,"w":148,"h":91},
		"3CF0A213":{"x":1657,"y":1,"w":148,"h":111},
		"DC80C4BC":{"x":1518,"y":586,"w":153,"h":84},
		"5C8E7580":{"x":899,"y":232,"w":171,"h":85},
		"CCAE8601":{"x":1,"y":1,"w":148,"h":131},
		"175608EF":{"x":1673,"y":669,"w":151,"h":83},
		"100265C1":{"x":623,"y":237,"w":167,"h":85},
		"18C6F7":{"x":451,"y":593,"w":148,"h":85},
		"DDE1ED49":{"x":1051,"y":765,"w":146,"h":83},
		"A7FCCBD8":{"x":1,"y":237,"w":164,"h":88},
		"F4C5D3D8":{"x":1,"y":602,"w":148,"h":85},
		"AB28B649":{"x":1351,"y":597,"w":149,"h":85},
		"67E903DD":{"x":1,"y":512,"w":148,"h":88},
		"183BC6FA":{"x":1,"y":689,"w":155,"h":80},
		"E54078BE":{"x":302,"y":133,"w":161,"h":93},
		"D2C73A32":{"x":1201,"y":679,"w":148,"h":84},
		"9134F786":{"x":452,"y":237,"w":169,"h":84},
		"34764BB6":{"x":1218,"y":501,"w":148,"h":88},
		"7A46CC76":{"x":151,"y":775,"w":148,"h":79},
		"B3C9D4F2":{"x":1201,"y":120,"w":158,"h":99},
		"BEC46ADA":{"x":301,"y":603,"w":148,"h":85},
		"FD35F6E3":{"x":901,"y":508,"w":148,"h":88},
		"15E86D37":{"x":158,"y":690,"w":148,"h":83},
		"DBFCF711":{"x":1652,"y":754,"w":146,"h":84},
		"1B719B48":{"x":901,"y":1,"w":148,"h":123},
		"732C9F2C":{"x":1501,"y":1,"w":154,"h":109},
		"1197E84E":{"x":151,"y":421,"w":148,"h":88},
		"FD497F18":{"x":1497,"y":844,"w":148,"h":79},
		"8588D84B":{"x":792,"y":319,"w":148,"h":96},
		"802DDDCF":{"x":751,"y":771,"w":148,"h":79},
		"72D6716C":{"x":901,"y":598,"w":148,"h":85},
		"532CE54A":{"x":1549,"y":496,"w":148,"h":88},
		"3A2054B1":{"x":1745,"y":411,"w":161,"h":83},
		"825AED49":{"x":451,"y":410,"w":148,"h":91},
		"55991D81":{"x":451,"y":503,"w":148,"h":88},
		"294755A9":{"x":1,"y":771,"w":148,"h":80},
		"7D7037C":{"x":1501,"y":112,"w":152,"h":105},
		"28FE51EF":{"x":751,"y":508,"w":148,"h":88},
		"52F23B2C":{"x":452,"y":323,"w":164,"h":85},
		"2115FB7C":{"x":151,"y":133,"w":149,"h":101},
		"662257F0":{"x":942,"y":319,"w":148,"h":96},
		"F14CA5A0":{"x":301,"y":513,"w":148,"h":88},
		"72BDC34":{"x":451,"y":680,"w":148,"h":84},
		"BE2EBD71":{"x":1201,"y":1,"w":148,"h":117},
		"63FE9086":{"x":151,"y":327,"w":148,"h":92},
		"6319C215":{"x":301,"y":423,"w":148,"h":88},
		"2F649ADE":{"x":1199,"y":765,"w":146,"h":83},
		"3F779117":{"x":768,"y":417,"w":148,"h":89},
		"570E15DA":{"x":301,"y":329,"w":148,"h":92},
		"B0923008":{"x":1849,"y":496,"w":148,"h":88},
		"B5064E14":{"x":1068,"y":501,"w":148,"h":88},
		"5757433D":{"x":901,"y":685,"w":148,"h":84},
		"6C15E33F":{"x":1502,"y":672,"w":148,"h":84},
		"A98F98D4":{"x":1673,"y":586,"w":158,"h":81},
		"B215A4F1":{"x":1351,"y":1,"w":148,"h":116},
		"CE62BDF0":{"x":1833,"y":586,"w":148,"h":86},
		"F6CA0211":{"x":301,"y":1,"w":148,"h":130},
		"C69FFD5D":{"x":1,"y":327,"w":148,"h":93},
		"9B08C39":{"x":918,"y":417,"w":148,"h":89},
		"1846FFD2":{"x":1803,"y":224,"w":148,"h":99},
		"D62789AA":{"x":1501,"y":758,"w":146,"h":84},
		"EC089090":{"x":751,"y":598,"w":148,"h":85},
		"97AB7F7A":{"x":1051,"y":679,"w":148,"h":84},
		"68F522ED":{"x":151,"y":511,"w":148,"h":88},
		"3D44C721":{"x":1661,"y":325,"w":166,"h":83},
		"7F348A8B":{"x":601,"y":601,"w":148,"h":85},
		"AD37A9FA":{"x":451,"y":1,"w":148,"h":129},
		"6D7802F5":{"x":601,"y":688,"w":148,"h":83},
		"5429E341":{"x":1051,"y":124,"w":148,"h":105}
	}}