{"mc":{
	"sela5":{
		"frameRate":25,
		"events":[
			
			],
		"frames":[
			
			{
			"res":"8045E0E1",
			"x":-76,
			"y":-45
			},
			{
			"res":"7C640249",
			"x":-76,
			"y":-45
			},
			{
			"res":"9CCC7656",
			"x":-76,
			"y":-45
			},
			{
			"res":"2DF4ADB4",
			"x":-76,
			"y":-45
			},
			{
			"res":"4A565E07",
			"x":-76,
			"y":-45,
			"duration":8
			},
			{
			"res":"3A41104",
			"x":-76,
			"y":-45
			},
			{
			"res":"44AF44DD",
			"x":-76,
			"y":-45
			},
			{
			"res":"7356EB66",
			"x":-76,
			"y":-45
			},
			{
			"res":"5E2165BF",
			"x":-76,
			"y":-45
			},
			{
			"res":"1ACEF1B3",
			"x":-76,
			"y":-46
			},
			{
			"res":"A41CA054",
			"x":-76,
			"y":-51
			},
			{
			"res":"38092D3",
			"x":-76,
			"y":-56
			},
			{
			"res":"EA5C6AEA",
			"x":-76,
			"y":-60
			},
			{
			"res":"536D8B84",
			"x":-76,
			"y":-64
			},
			{
			"res":"70196A8B",
			"x":-76,
			"y":-67
			},
			{
			"res":"2370C7A9",
			"x":-76,
			"y":-69
			},
			{
			"res":"9C9558A4",
			"x":-76,
			"y":-70
			},
			{
			"res":"6207A51A",
			"x":-76,
			"y":-71
			},
			{
			"res":"51E6FD2D",
			"x":-76,
			"y":-71
			},
			{
			"res":"2092C2C7",
			"x":-76,
			"y":-71
			},
			{
			"res":"1BDF8B5",
			"x":-76,
			"y":-71
			},
			{
			"res":"67BFA110",
			"x":-76,
			"y":-71
			},
			{
			"res":"E3EE3C68",
			"x":-76,
			"y":-70,
			"duration":5
			},
			{
			"res":"67BFA110",
			"x":-76,
			"y":-71
			},
			{
			"res":"A12B84B3",
			"x":-73,
			"y":-70
			},
			{
			"res":"F03874E2",
			"x":-71,
			"y":-70
			},
			{
			"res":"3F257A98",
			"x":-69,
			"y":-70
			},
			{
			"res":"4DFC8E7D",
			"x":-67,
			"y":-71
			},
			{
			"res":"2045BA37",
			"x":-65,
			"y":-70
			},
			{
			"res":"7C1649B0",
			"x":-64,
			"y":-70
			},
			{
			"res":"BF22D4AD",
			"x":-63,
			"y":-70
			},
			{
			"res":"62B8101B",
			"x":-61,
			"y":-71
			},
			{
			"res":"2373DA20",
			"x":-60,
			"y":-70
			},
			{
			"res":"C2D738DD",
			"x":-60,
			"y":-70
			},
			{
			"res":"977BB3BB",
			"x":-59,
			"y":-70
			},
			{
			"res":"7E39531F",
			"x":-58,
			"y":-71
			},
			{
			"res":"F49F3DA6",
			"x":-58,
			"y":-70
			},
			{
			"res":"2E700CA7",
			"x":-58,
			"y":-71
			}
			]
}},
	"res":{
		"7C1649B0":{"x":119,"y":368,"w":117,"h":71},
		"1BDF8B5":{"x":0,"y":0,"w":117,"h":72},
		"4A565E07":{"x":476,"y":170,"w":149,"h":46},
		"67BFA110":{"x":0,"y":74,"w":117,"h":72},
		"8045E0E1":{"x":735,"y":0,"w":149,"h":46},
		"7356EB66":{"x":775,"y":96,"w":145,"h":46},
		"7C640249":{"x":476,"y":122,"w":149,"h":46},
		"F49F3DA6":{"x":238,"y":146,"w":117,"h":71},
		"F03874E2":{"x":119,"y":222,"w":117,"h":71},
		"9CCC7656":{"x":357,"y":218,"w":149,"h":46},
		"7E39531F":{"x":0,"y":148,"w":117,"h":72},
		"2092C2C7":{"x":0,"y":222,"w":117,"h":72},
		"2045BA37":{"x":357,"y":73,"w":116,"h":71},
		"2370C7A9":{"x":357,"y":146,"w":117,"h":70},
		"BF22D4AD":{"x":238,"y":292,"w":117,"h":71},
		"9C9558A4":{"x":238,"y":438,"w":117,"h":71},
		"536D8B84":{"x":0,"y":444,"w":117,"h":65},
		"6207A51A":{"x":0,"y":296,"w":117,"h":72},
		"5E2165BF":{"x":777,"y":144,"w":142,"h":46},
		"C2D738DD":{"x":119,"y":295,"w":117,"h":71},
		"70196A8B":{"x":119,"y":441,"w":117,"h":68},
		"1ACEF1B3":{"x":777,"y":192,"w":139,"h":47},
		"A41CA054":{"x":599,"y":0,"w":134,"h":52},
		"2E700CA7":{"x":0,"y":370,"w":117,"h":72},
		"A12B84B3":{"x":357,"y":0,"w":116,"h":71},
		"2373DA20":{"x":238,"y":0,"w":117,"h":71},
		"38092D3":{"x":475,"y":63,"w":129,"h":57},
		"EA5C6AEA":{"x":475,"y":0,"w":122,"h":61},
		"E3EE3C68":{"x":238,"y":73,"w":117,"h":71},
		"4DFC8E7D":{"x":119,"y":0,"w":117,"h":72},
		"44AF44DD":{"x":627,"y":96,"w":146,"h":46},
		"977BB3BB":{"x":238,"y":219,"w":117,"h":71},
		"3A41104":{"x":627,"y":170,"w":148,"h":46},
		"2DF4ADB4":{"x":735,"y":48,"w":149,"h":46},
		"51E6FD2D":{"x":119,"y":74,"w":117,"h":72},
		"3F257A98":{"x":238,"y":365,"w":117,"h":71},
		"62B8101B":{"x":119,"y":148,"w":117,"h":72}
	}}