{"mc":{
	"yan":{
		"frameRate":25,
		"events":[
			
			],
		"frames":[
			
			{
			"res":"A66BB8B5",
			"x":-49,
			"y":-29
			},
			{
			"res":"BCB79AF7",
			"x":-49,
			"y":-29
			},
			{
			"res":"4183A5E7",
			"x":-49,
			"y":-29
			},
			{
			"res":"4BC0422C",
			"x":-49,
			"y":-29
			},
			{
			"res":"8B488E69",
			"x":-49,
			"y":-29
			},
			{
			"res":"2E190FFE",
			"x":-49,
			"y":-29
			},
			{
			"res":"7F7F8CEC",
			"x":-49,
			"y":-29
			},
			{
			"res":"41A505E2",
			"x":-49,
			"y":-29
			},
			{
			"res":"4997ED",
			"x":-49,
			"y":-29
			},
			{
			"res":"C706B2BE",
			"x":-49,
			"y":-29
			},
			{
			"res":"45B103C",
			"x":-49,
			"y":-29
			},
			{
			"res":"FDA21696",
			"x":-49,
			"y":-29
			},
			{
			"res":"72589F25",
			"x":-49,
			"y":-29
			},
			{
			"res":"8684C0CB",
			"x":-49,
			"y":-29
			},
			{
			"res":"5BD02948",
			"x":-49,
			"y":-29
			},
			{
			"res":"146029FC",
			"x":-49,
			"y":-29
			},
			{
			"res":"E590D6FF",
			"x":-49,
			"y":-29
			},
			{
			"res":"A267ADE",
			"x":-49,
			"y":-29
			},
			{
			"res":"1DD60D3D",
			"x":-49,
			"y":-29
			},
			{
			"res":"89267CD6",
			"x":-49,
			"y":-29
			},
			{
			"res":"79DDBFED",
			"x":-49,
			"y":-29
			},
			{
			"res":"6C38E9B3",
			"x":-49,
			"y":-29
			},
			{
			"res":"B9448D07",
			"x":-49,
			"y":-29
			},
			{
			"res":"6485772F",
			"x":-49,
			"y":-29
			},
			{
			"res":"8C74430D",
			"x":-49,
			"y":-29
			},
			{
			"res":"FE98EB3E",
			"x":-49,
			"y":-29
			},
			{
			"res":"46D019B8",
			"x":-49,
			"y":-29
			},
			{
			"res":"901A7AA",
			"x":-49,
			"y":-29
			},
			{
			"res":"4F0BF762",
			"x":-49,
			"y":-29
			}
			]
}},
	"res":{
		"8684C0CB":{"x":1,"y":1,"w":99,"h":38},
		"46D019B8":{"x":1,"y":41,"w":99,"h":38},
		"146029FC":{"x":1,"y":81,"w":99,"h":38},
		"7F7F8CEC":{"x":1,"y":121,"w":99,"h":38},
		"A267ADE":{"x":1,"y":161,"w":99,"h":38},
		"79DDBFED":{"x":1,"y":201,"w":99,"h":38},
		"6485772F":{"x":102,"y":1,"w":99,"h":38},
		"45B103C":{"x":102,"y":41,"w":99,"h":38},
		"2E190FFE":{"x":102,"y":81,"w":99,"h":38},
		"4997ED":{"x":102,"y":121,"w":99,"h":38},
		"4183A5E7":{"x":102,"y":161,"w":99,"h":38},
		"FE98EB3E":{"x":102,"y":201,"w":99,"h":38},
		"89267CD6":{"x":203,"y":1,"w":99,"h":38},
		"72589F25":{"x":304,"y":1,"w":99,"h":38},
		"B9448D07":{"x":405,"y":1,"w":99,"h":38},
		"8B488E69":{"x":203,"y":41,"w":99,"h":38},
		"4F0BF762":{"x":304,"y":41,"w":99,"h":38},
		"5BD02948":{"x":405,"y":41,"w":99,"h":38},
		"E590D6FF":{"x":203,"y":81,"w":99,"h":38},
		"8C74430D":{"x":203,"y":121,"w":99,"h":38},
		"41A505E2":{"x":203,"y":161,"w":99,"h":38},
		"BCB79AF7":{"x":203,"y":201,"w":99,"h":38},
		"901A7AA":{"x":304,"y":81,"w":99,"h":38},
		"C706B2BE":{"x":405,"y":81,"w":99,"h":38},
		"FDA21696":{"x":304,"y":121,"w":99,"h":38},
		"1DD60D3D":{"x":405,"y":121,"w":99,"h":38},
		"6C38E9B3":{"x":304,"y":161,"w":99,"h":38},
		"4BC0422C":{"x":405,"y":161,"w":99,"h":38},
		"A66BB8B5":{"x":304,"y":201,"w":99,"h":38}
	}}