{"mc":{
	"yimian0":{
		"frameRate":24,
		"events":[
			
			],
		"frames":[
			
			{
			"res":"4F2E9DB5",
			"x":-72,
			"y":-87
			},
			{
			"res":"D702956C",
			"x":-72,
			"y":-87
			},
			{
			"res":"3D8127C8",
			"x":-72,
			"y":-87
			},
			{
			"res":"B0250D7C",
			"x":-72,
			"y":-87
			},
			{
			"res":"D1AB5C0",
			"x":-72,
			"y":-87
			},
			{
			"res":"1F00DCFC",
			"x":-72,
			"y":-87
			},
			{
			"res":"7766B91E",
			"x":-72,
			"y":-87
			},
			{
			"res":"311CB2D8",
			"x":-72,
			"y":-87
			},
			{
			"res":"B66F58F",
			"x":-72,
			"y":-87
			},
			{
			"res":"7F11AA18",
			"x":-72,
			"y":-87
			},
			{
			"res":"260263B2",
			"x":-72,
			"y":-87
			},
			{
			"res":"BC965E5B",
			"x":-72,
			"y":-87
			},
			{
			"res":"C3B092B3",
			"x":-72,
			"y":-87
			},
			{
			"res":"37EED9FF",
			"x":-72,
			"y":-87
			},
			{
			"res":"751AB2A",
			"x":-72,
			"y":-87
			},
			{
			"res":"3EFC4EF8",
			"x":-72,
			"y":-87
			},
			{
			"res":"18077E0",
			"x":-72,
			"y":-87
			},
			{
			"res":"27EC281",
			"x":-72,
			"y":-87
			},
			{
			"res":"377E0085",
			"x":-72,
			"y":-87
			},
			{
			"res":"547FE5B1",
			"x":-72,
			"y":-87
			},
			{
			"res":"6BDB2431",
			"x":-72,
			"y":-87
			},
			{
			"res":"95447FB7",
			"x":-72,
			"y":-87
			},
			{
			"res":"33F9D2D4",
			"x":-72,
			"y":-87
			},
			{
			"res":"A7BBD90A",
			"x":-72,
			"y":-87
			},
			{
			"res":"47385E04",
			"x":-72,
			"y":-87
			},
			{
			"res":"55A880D",
			"x":-72,
			"y":-87
			},
			{
			"res":"89AB0BF8",
			"x":-72,
			"y":-87
			},
			{
			"res":"BC2F89AC",
			"x":-72,
			"y":-87
			},
			{
			"res":"D90B5A22",
			"x":-72,
			"y":-87
			},
			{
			"res":"E8F09EA8",
			"x":-72,
			"y":-87
			},
			{
			"res":"E02753D",
			"x":-72,
			"y":-87
			},
			{
			"res":"BC0F3A42",
			"x":-72,
			"y":-87
			},
			{
			"res":"60F5730F",
			"x":-72,
			"y":-87
			},
			{
			"res":"A3B62CD3",
			"x":-72,
			"y":-87
			},
			{
			"res":"EE3F3C6A",
			"x":-72,
			"y":-87
			},
			{
			"res":"298B35E0",
			"x":-72,
			"y":-87
			},
			{
			"res":"D069A374",
			"x":-72,
			"y":-87
			},
			{
			"res":"4E6994C2",
			"x":-72,
			"y":-87
			},
			{
			"res":"2F4775BE",
			"x":-72,
			"y":-87
			},
			{
			"res":"A79496C4",
			"x":-72,
			"y":-87
			},
			{
			"res":"9DB6FE42",
			"x":-72,
			"y":-87
			},
			{
			"res":"CF93A2B6",
			"x":-72,
			"y":-87
			},
			{
			"res":"30CEBB69",
			"x":-72,
			"y":-87
			},
			{
			"res":"A679C7BB",
			"x":-72,
			"y":-87
			},
			{
			"res":"D58E3E67",
			"x":-72,
			"y":-87
			},
			{
			"res":"7F13AF60",
			"x":-72,
			"y":-87
			},
			{
			"res":"9EA75E54",
			"x":-72,
			"y":-87
			},
			{
			"res":"24D29B96",
			"x":-72,
			"y":-87
			},
			{
			"res":"B2CD9C3D",
			"x":-72,
			"y":-87
			},
			{
			"res":"524AFD57",
			"x":-72,
			"y":-87
			},
			{
			"res":"8EE17CB2",
			"x":-72,
			"y":-87
			},
			{
			"res":"70539A5B",
			"x":-72,
			"y":-87
			},
			{
			"res":"B673967D",
			"x":-72,
			"y":-87
			},
			{
			"res":"F46669F4",
			"x":-72,
			"y":-87
			},
			{
			"res":"AA2202B5",
			"x":-72,
			"y":-87
			},
			{
			"res":"2D9A56",
			"x":-72,
			"y":-87
			},
			{
			"res":"E2C60966",
			"x":-72,
			"y":-87
			},
			{
			"res":"BE870E13",
			"x":-72,
			"y":-87
			},
			{
			"res":"106695A7",
			"x":-72,
			"y":-87
			},
			{
			"res":"84B02DD",
			"x":-72,
			"y":-87
			},
			{
			"res":"B9D7D05A",
			"x":-72,
			"y":-87
			},
			{
			"res":"22EB8F9",
			"x":-72,
			"y":-87
			},
			{
			"res":"889F3ACB",
			"x":-72,
			"y":-87
			},
			{
			"res":"654C1964",
			"x":-72,
			"y":-87
			},
			{
			"res":"94192114",
			"x":-72,
			"y":-87
			},
			{
			"res":"7893B887",
			"x":-72,
			"y":-87
			},
			{
			"res":"16A231B5",
			"x":-72,
			"y":-87
			},
			{
			"res":"8FD653B1",
			"x":-72,
			"y":-87
			},
			{
			"res":"73FBFC04",
			"x":-72,
			"y":-87
			},
			{
			"res":"DC5BB39",
			"x":-72,
			"y":-87
			},
			{
			"res":"44A034BE",
			"x":-72,
			"y":-87
			},
			{
			"res":"6BB89FBC",
			"x":-72,
			"y":-87
			},
			{
			"res":"5BA1522E",
			"x":-72,
			"y":-87
			},
			{
			"res":"417F1C",
			"x":-72,
			"y":-87
			},
			{
			"res":"A3C8B423",
			"x":-72,
			"y":-87
			},
			{
			"res":"ABA98681",
			"x":-72,
			"y":-87
			},
			{
			"res":"F6751CEB",
			"x":-72,
			"y":-87
			},
			{
			"res":"72A6FBEC",
			"x":-72,
			"y":-87
			},
			{
			"res":"A35DD8D9",
			"x":-72,
			"y":-87
			},
			{
			"res":"987BFEE7",
			"x":-72,
			"y":-87
			},
			{
			"res":"929866BF",
			"x":-72,
			"y":-87
			},
			{
			"res":"5FAEDBAF",
			"x":-72,
			"y":-87
			},
			{
			"res":"4A363159",
			"x":-72,
			"y":-87
			},
			{
			"res":"A56BD940",
			"x":-72,
			"y":-87
			},
			{
			"res":"E7808EC",
			"x":-72,
			"y":-87
			},
			{
			"res":"6BDDC833",
			"x":-72,
			"y":-87
			},
			{
			"res":"204BA3AD",
			"x":-72,
			"y":-87
			},
			{
			"res":"771DBCD",
			"x":-72,
			"y":-87
			},
			{
			"res":"6257915",
			"x":-72,
			"y":-87
			},
			{
			"res":"C9A59A0B",
			"x":-72,
			"y":-87
			},
			{
			"res":"46CE7846",
			"x":-72,
			"y":-87
			},
			{
			"res":"BD5C4A10",
			"x":-72,
			"y":-87
			},
			{
			"res":"A65D3F07",
			"x":-72,
			"y":-87
			},
			{
			"res":"F0C7C9E9",
			"x":-72,
			"y":-87
			},
			{
			"res":"9C35A73",
			"x":-72,
			"y":-87
			},
			{
			"res":"83998566",
			"x":-72,
			"y":-87
			},
			{
			"res":"1046DBFA",
			"x":-72,
			"y":-87
			},
			{
			"res":"EE2883D5",
			"x":-72,
			"y":-87
			},
			{
			"res":"7527DD00",
			"x":-72,
			"y":-87
			},
			{
			"res":"BC17242B",
			"x":-72,
			"y":-87
			},
			{
			"res":"C0D46725",
			"x":-72,
			"y":-87
			},
			{
			"res":"6DA9F781",
			"x":-72,
			"y":-87
			},
			{
			"res":"6BE3C48E",
			"x":-72,
			"y":-87
			},
			{
			"res":"CD82E00B",
			"x":-72,
			"y":-87
			},
			{
			"res":"FD61035",
			"x":-72,
			"y":-87
			},
			{
			"res":"541C2A3A",
			"x":-72,
			"y":-87
			},
			{
			"res":"B17B437A",
			"x":-72,
			"y":-87
			},
			{
			"res":"22C7439",
			"x":-72,
			"y":-87
			},
			{
			"res":"FE06A714",
			"x":-72,
			"y":-87
			},
			{
			"res":"A8487681",
			"x":-72,
			"y":-87
			},
			{
			"res":"3A400596",
			"x":-72,
			"y":-87
			},
			{
			"res":"F635D85E",
			"x":-72,
			"y":-87
			},
			{
			"res":"5DC15D1D",
			"x":-72,
			"y":-87
			},
			{
			"res":"3AA686CD",
			"x":-72,
			"y":-87
			},
			{
			"res":"2ED17A68",
			"x":-72,
			"y":-87
			},
			{
			"res":"821FEAB9",
			"x":-72,
			"y":-87
			},
			{
			"res":"62C562C2",
			"x":-72,
			"y":-87
			},
			{
			"res":"2BAFD44C",
			"x":-72,
			"y":-87
			},
			{
			"res":"6B658F7D",
			"x":-72,
			"y":-87
			},
			{
			"res":"62DA9188",
			"x":-72,
			"y":-87
			},
			{
			"res":"FBE6EB3A",
			"x":-72,
			"y":-87
			},
			{
			"res":"D8A90224",
			"x":-72,
			"y":-87
			},
			{
			"res":"B70BF501",
			"x":-72,
			"y":-87
			},
			{
			"res":"3267E292",
			"x":-72,
			"y":-87
			},
			{
			"res":"B3530236",
			"x":-72,
			"y":-87
			},
			{
			"res":"8E1A401C",
			"x":-72,
			"y":-87
			},
			{
			"res":"6DA8D0E4",
			"x":-72,
			"y":-87
			},
			{
			"res":"4885B8C",
			"x":-72,
			"y":-87
			},
			{
			"res":"756B9135",
			"x":-72,
			"y":-87
			},
			{
			"res":"9B258088",
			"x":-72,
			"y":-87
			},
			{
			"res":"AF75B6DA",
			"x":-72,
			"y":-87
			},
			{
			"res":"9C338F34",
			"x":-72,
			"y":-87
			},
			{
			"res":"BA7FBA7F",
			"x":-72,
			"y":-87
			},
			{
			"res":"2C390755",
			"x":-72,
			"y":-87
			},
			{
			"res":"38685B9B",
			"x":-72,
			"y":-87
			},
			{
			"res":"F0320D24",
			"x":-72,
			"y":-87
			},
			{
			"res":"418ECE61",
			"x":-72,
			"y":-87
			},
			{
			"res":"28AF6853",
			"x":-72,
			"y":-87
			},
			{
			"res":"B4FCDAEB",
			"x":-72,
			"y":-87
			},
			{
			"res":"10D79F80",
			"x":-72,
			"y":-87
			},
			{
			"res":"6C3CC18C",
			"x":-72,
			"y":-87
			},
			{
			"res":"6A37D0AD",
			"x":-72,
			"y":-87
			},
			{
			"res":"A26F303A",
			"x":-72,
			"y":-87
			},
			{
			"res":"75DCE0F5",
			"x":-72,
			"y":-87
			},
			{
			"res":"7356CC9B",
			"x":-72,
			"y":-87
			},
			{
			"res":"D48E1EEF",
			"x":-72,
			"y":-87
			},
			{
			"res":"8C43FA23",
			"x":-72,
			"y":-87
			},
			{
			"res":"F29ABABD",
			"x":-72,
			"y":-87
			},
			{
			"res":"68699022",
			"x":-72,
			"y":-87
			},
			{
			"res":"EBF72E93",
			"x":-72,
			"y":-87
			},
			{
			"res":"E52E6816",
			"x":-72,
			"y":-87
			},
			{
			"res":"A7A02E82",
			"x":-72,
			"y":-87
			},
			{
			"res":"A963AF7B",
			"x":-72,
			"y":-87
			},
			{
			"res":"2DF7F08B",
			"x":-72,
			"y":-87
			}
			]
}},
	"res":{
		"83998566":{"x":1,"y":1,"w":164,"h":88},
		"68699022":{"x":167,"y":1,"w":164,"h":88},
		"94192114":{"x":333,"y":1,"w":164,"h":88},
		"6257915":{"x":499,"y":1,"w":164,"h":88},
		"A963AF7B":{"x":665,"y":1,"w":164,"h":88},
		"A679C7BB":{"x":831,"y":1,"w":164,"h":88},
		"B66F58F":{"x":997,"y":1,"w":164,"h":88},
		"3D8127C8":{"x":1163,"y":1,"w":164,"h":88},
		"E52E6816":{"x":1329,"y":1,"w":164,"h":88},
		"D58E3E67":{"x":1495,"y":1,"w":164,"h":88},
		"60F5730F":{"x":1661,"y":1,"w":164,"h":88},
		"541C2A3A":{"x":1827,"y":1,"w":164,"h":88},
		"7F11AA18":{"x":1,"y":91,"w":164,"h":88},
		"E2C60966":{"x":167,"y":91,"w":164,"h":88},
		"62DA9188":{"x":333,"y":91,"w":164,"h":88},
		"260263B2":{"x":499,"y":91,"w":164,"h":88},
		"FBE6EB3A":{"x":665,"y":91,"w":164,"h":88},
		"6B658F7D":{"x":831,"y":91,"w":164,"h":88},
		"A3B62CD3":{"x":997,"y":91,"w":164,"h":88},
		"BC965E5B":{"x":1163,"y":91,"w":164,"h":88},
		"A7A02E82":{"x":1329,"y":91,"w":164,"h":88},
		"CD82E00B":{"x":1495,"y":91,"w":164,"h":88},
		"D702956C":{"x":1661,"y":91,"w":164,"h":88},
		"1046DBFA":{"x":1827,"y":91,"w":164,"h":88},
		"7F13AF60":{"x":1,"y":181,"w":164,"h":88},
		"311CB2D8":{"x":1,"y":271,"w":164,"h":88},
		"C3B092B3":{"x":1,"y":361,"w":164,"h":88},
		"417F1C":{"x":1,"y":451,"w":164,"h":88},
		"AA2202B5":{"x":1,"y":541,"w":164,"h":88},
		"EE3F3C6A":{"x":1,"y":631,"w":164,"h":88},
		"37EED9FF":{"x":1,"y":721,"w":164,"h":88},
		"EBF72E93":{"x":1,"y":811,"w":164,"h":88},
		"204BA3AD":{"x":1,"y":901,"w":164,"h":88},
		"771DBCD":{"x":1,"y":991,"w":164,"h":88},
		"A56BD940":{"x":1,"y":1081,"w":164,"h":88},
		"751AB2A":{"x":1,"y":1171,"w":164,"h":88},
		"F29ABABD":{"x":1,"y":1261,"w":164,"h":88},
		"2D9A56":{"x":1,"y":1351,"w":164,"h":88},
		"8C43FA23":{"x":1,"y":1441,"w":164,"h":88},
		"F46669F4":{"x":1,"y":1531,"w":164,"h":88},
		"4F2E9DB5":{"x":1,"y":1621,"w":164,"h":88},
		"4A363159":{"x":1,"y":1711,"w":164,"h":88},
		"E7808EC":{"x":1,"y":1801,"w":164,"h":88},
		"3EFC4EF8":{"x":1,"y":1891,"w":164,"h":88},
		"298B35E0":{"x":167,"y":181,"w":164,"h":88},
		"D48E1EEF":{"x":333,"y":181,"w":164,"h":88},
		"9C35A73":{"x":499,"y":181,"w":164,"h":88},
		"18077E0":{"x":665,"y":181,"w":164,"h":88},
		"7356CC9B":{"x":831,"y":181,"w":164,"h":88},
		"6BE3C48E":{"x":997,"y":181,"w":164,"h":88},
		"D069A374":{"x":1163,"y":181,"w":164,"h":88},
		"44A034BE":{"x":1329,"y":181,"w":164,"h":88},
		"75DCE0F5":{"x":1495,"y":181,"w":164,"h":88},
		"654C1964":{"x":1661,"y":181,"w":164,"h":88},
		"27EC281":{"x":1827,"y":181,"w":164,"h":88},
		"A26F303A":{"x":167,"y":271,"w":164,"h":88},
		"5FAEDBAF":{"x":333,"y":271,"w":164,"h":88},
		"DC5BB39":{"x":499,"y":271,"w":164,"h":88},
		"4E6994C2":{"x":665,"y":271,"w":164,"h":88},
		"9EA75E54":{"x":831,"y":271,"w":164,"h":88},
		"889F3ACB":{"x":997,"y":271,"w":164,"h":88},
		"377E0085":{"x":1163,"y":271,"w":164,"h":88},
		"929866BF":{"x":1329,"y":271,"w":164,"h":88},
		"73FBFC04":{"x":1495,"y":271,"w":164,"h":88},
		"2F4775BE":{"x":1661,"y":271,"w":164,"h":88},
		"8FD653B1":{"x":1827,"y":271,"w":164,"h":88},
		"62C562C2":{"x":167,"y":361,"w":164,"h":88},
		"7766B91E":{"x":167,"y":451,"w":164,"h":88},
		"24D29B96":{"x":167,"y":541,"w":164,"h":88},
		"821FEAB9":{"x":167,"y":631,"w":164,"h":88},
		"547FE5B1":{"x":167,"y":721,"w":164,"h":88},
		"6BDB2431":{"x":167,"y":811,"w":164,"h":88},
		"6A37D0AD":{"x":167,"y":901,"w":164,"h":88},
		"B4FCDAEB":{"x":167,"y":991,"w":164,"h":88},
		"6BDDC833":{"x":167,"y":1081,"w":164,"h":88},
		"10D79F80":{"x":167,"y":1171,"w":164,"h":88},
		"6DA9F781":{"x":167,"y":1261,"w":164,"h":88},
		"2ED17A68":{"x":167,"y":1351,"w":164,"h":88},
		"987BFEE7":{"x":167,"y":1441,"w":164,"h":88},
		"95447FB7":{"x":167,"y":1531,"w":164,"h":88},
		"3AA686CD":{"x":167,"y":1621,"w":164,"h":88},
		"22EB8F9":{"x":167,"y":1711,"w":164,"h":88},
		"418ECE61":{"x":167,"y":1801,"w":164,"h":88},
		"A35DD8D9":{"x":167,"y":1891,"w":164,"h":88},
		"28AF6853":{"x":333,"y":361,"w":164,"h":88},
		"6C3CC18C":{"x":499,"y":361,"w":164,"h":88},
		"F0320D24":{"x":665,"y":361,"w":164,"h":88},
		"33F9D2D4":{"x":831,"y":361,"w":164,"h":88},
		"A79496C4":{"x":997,"y":361,"w":164,"h":88},
		"B2CD9C3D":{"x":1163,"y":361,"w":164,"h":88},
		"5BA1522E":{"x":1329,"y":361,"w":164,"h":88},
		"16A231B5":{"x":1495,"y":361,"w":164,"h":88},
		"B9D7D05A":{"x":1661,"y":361,"w":164,"h":88},
		"38685B9B":{"x":1827,"y":361,"w":164,"h":88},
		"1F00DCFC":{"x":333,"y":451,"w":164,"h":88},
		"A7BBD90A":{"x":499,"y":451,"w":164,"h":88},
		"C0D46725":{"x":665,"y":451,"w":164,"h":88},
		"2C390755":{"x":831,"y":451,"w":164,"h":88},
		"72A6FBEC":{"x":997,"y":451,"w":164,"h":88},
		"5DC15D1D":{"x":1163,"y":451,"w":164,"h":88},
		"D1AB5C0":{"x":1329,"y":451,"w":164,"h":88},
		"47385E04":{"x":1495,"y":451,"w":164,"h":88},
		"BA7FBA7F":{"x":1661,"y":451,"w":164,"h":88},
		"84B02DD":{"x":1827,"y":451,"w":164,"h":88},
		"9C338F34":{"x":333,"y":541,"w":164,"h":88},
		"F635D85E":{"x":333,"y":631,"w":164,"h":88},
		"55A880D":{"x":333,"y":721,"w":164,"h":88},
		"9DB6FE42":{"x":333,"y":811,"w":164,"h":88},
		"524AFD57":{"x":333,"y":901,"w":164,"h":88},
		"F0C7C9E9":{"x":333,"y":991,"w":164,"h":88},
		"3A400596":{"x":333,"y":1081,"w":164,"h":88},
		"BC17242B":{"x":333,"y":1171,"w":164,"h":88},
		"756B9135":{"x":333,"y":1261,"w":164,"h":88},
		"89AB0BF8":{"x":333,"y":1351,"w":164,"h":88},
		"9B258088":{"x":333,"y":1441,"w":164,"h":88},
		"F6751CEB":{"x":333,"y":1531,"w":164,"h":88},
		"AF75B6DA":{"x":333,"y":1621,"w":164,"h":88},
		"106695A7":{"x":333,"y":1711,"w":164,"h":88},
		"BC2F89AC":{"x":333,"y":1801,"w":164,"h":88},
		"B0250D7C":{"x":333,"y":1891,"w":164,"h":88},
		"A8487681":{"x":499,"y":541,"w":164,"h":88},
		"A65D3F07":{"x":665,"y":541,"w":164,"h":88},
		"CF93A2B6":{"x":831,"y":541,"w":164,"h":88},
		"D90B5A22":{"x":997,"y":541,"w":164,"h":88},
		"6DA8D0E4":{"x":1163,"y":541,"w":164,"h":88},
		"4885B8C":{"x":1329,"y":541,"w":164,"h":88},
		"22C7439":{"x":1495,"y":541,"w":164,"h":88},
		"A3C8B423":{"x":1661,"y":541,"w":164,"h":88},
		"FE06A714":{"x":1827,"y":541,"w":164,"h":88},
		"ABA98681":{"x":499,"y":631,"w":164,"h":88},
		"30CEBB69":{"x":665,"y":631,"w":164,"h":88},
		"B3530236":{"x":831,"y":631,"w":164,"h":88},
		"7527DD00":{"x":997,"y":631,"w":164,"h":88},
		"70539A5B":{"x":1163,"y":631,"w":164,"h":88},
		"8E1A401C":{"x":1329,"y":631,"w":164,"h":88},
		"B17B437A":{"x":1495,"y":631,"w":164,"h":88},
		"E8F09EA8":{"x":1661,"y":631,"w":164,"h":88},
		"3267E292":{"x":1827,"y":631,"w":164,"h":88},
		"7893B887":{"x":499,"y":721,"w":164,"h":88},
		"8EE17CB2":{"x":499,"y":811,"w":164,"h":88},
		"B70BF501":{"x":499,"y":901,"w":164,"h":88},
		"BE870E13":{"x":499,"y":991,"w":164,"h":88},
		"E02753D":{"x":499,"y":1081,"w":164,"h":88},
		"6BB89FBC":{"x":499,"y":1171,"w":164,"h":88},
		"BD5C4A10":{"x":499,"y":1261,"w":164,"h":88},
		"EE2883D5":{"x":499,"y":1351,"w":164,"h":88},
		"C9A59A0B":{"x":499,"y":1441,"w":164,"h":88},
		"2BAFD44C":{"x":499,"y":1531,"w":164,"h":88},
		"46CE7846":{"x":499,"y":1621,"w":164,"h":88},
		"2DF7F08B":{"x":499,"y":1711,"w":164,"h":88},
		"D8A90224":{"x":499,"y":1801,"w":164,"h":88},
		"BC0F3A42":{"x":499,"y":1891,"w":164,"h":88},
		"B673967D":{"x":665,"y":721,"w":164,"h":88},
		"FD61035":{"x":831,"y":721,"w":164,"h":88}
	}}