{"mc":{
	"yimian1_3":{
		"frameRate":24,
		"events":[
			
			],
		"frames":[
			
			{
			"res":"618525AB",
			"x":-72,
			"y":-128
			},
			{
			"res":"584CEDF",
			"x":-72,
			"y":-128
			},
			{
			"res":"EDD3EA5F",
			"x":-72,
			"y":-128
			},
			{
			"res":"EB52D8C",
			"x":-72,
			"y":-128
			},
			{
			"res":"3F50DC2F",
			"x":-72,
			"y":-128
			},
			{
			"res":"42198E97",
			"x":-72,
			"y":-128
			},
			{
			"res":"8185D2D2",
			"x":-72,
			"y":-128
			},
			{
			"res":"DDC46AB7",
			"x":-72,
			"y":-128
			},
			{
			"res":"DA31D973",
			"x":-72,
			"y":-128
			},
			{
			"res":"A717A6AF",
			"x":-72,
			"y":-128
			},
			{
			"res":"636A813",
			"x":-72,
			"y":-128
			},
			{
			"res":"A456EAC4",
			"x":-72,
			"y":-128
			},
			{
			"res":"62ABB1D5",
			"x":-72,
			"y":-128
			},
			{
			"res":"15F8FBCC",
			"x":-72,
			"y":-128
			},
			{
			"res":"2C5A7961",
			"x":-72,
			"y":-128
			},
			{
			"res":"BF1FBDAF",
			"x":-72,
			"y":-128
			},
			{
			"res":"BA0A5DCC",
			"x":-74,
			"y":-128
			},
			{
			"res":"C6374999",
			"x":-72,
			"y":-128
			},
			{
			"res":"72FB5743",
			"x":-72,
			"y":-128
			},
			{
			"res":"1F1C8F53",
			"x":-72,
			"y":-128
			},
			{
			"res":"C2306425",
			"x":-72,
			"y":-128
			},
			{
			"res":"C7AEB726",
			"x":-72,
			"y":-128
			},
			{
			"res":"689B689A",
			"x":-72,
			"y":-128
			},
			{
			"res":"FD25399C",
			"x":-72,
			"y":-128
			},
			{
			"res":"D36DBE76",
			"x":-72,
			"y":-128
			},
			{
			"res":"488DCB83",
			"x":-72,
			"y":-128
			},
			{
			"res":"62247FE2",
			"x":-72,
			"y":-128,
			"duration":3
			}
			]
}},
	"res":{
		"D36DBE76":{"x":167,"y":787,"w":164,"h":129},
		"62ABB1D5":{"x":169,"y":1,"w":164,"h":129},
		"EB52D8C":{"x":335,"y":1,"w":164,"h":129},
		"EDD3EA5F":{"x":501,"y":1,"w":164,"h":129},
		"C6374999":{"x":667,"y":1,"w":164,"h":129},
		"A717A6AF":{"x":833,"y":1,"w":164,"h":129},
		"A456EAC4":{"x":1,"y":132,"w":164,"h":129},
		"2C5A7961":{"x":1,"y":263,"w":164,"h":129},
		"584CEDF":{"x":1,"y":394,"w":164,"h":129},
		"C7AEB726":{"x":1,"y":525,"w":164,"h":129},
		"1F1C8F53":{"x":1,"y":656,"w":164,"h":129},
		"C2306425":{"x":1,"y":787,"w":164,"h":129},
		"618525AB":{"x":167,"y":132,"w":164,"h":129},
		"42198E97":{"x":333,"y":132,"w":164,"h":129},
		"DA31D973":{"x":499,"y":132,"w":164,"h":129},
		"636A813":{"x":665,"y":132,"w":164,"h":129},
		"DDC46AB7":{"x":831,"y":132,"w":164,"h":129},
		"15F8FBCC":{"x":167,"y":263,"w":164,"h":129},
		"FD25399C":{"x":167,"y":394,"w":164,"h":129},
		"3F50DC2F":{"x":167,"y":525,"w":164,"h":129},
		"689B689A":{"x":167,"y":656,"w":164,"h":129},
		"BA0A5DCC":{"x":1,"y":1,"w":166,"h":129},
		"8185D2D2":{"x":333,"y":263,"w":164,"h":129},
		"72FB5743":{"x":499,"y":263,"w":164,"h":129},
		"62247FE2":{"x":665,"y":263,"w":164,"h":129},
		"488DCB83":{"x":831,"y":263,"w":164,"h":129},
		"BF1FBDAF":{"x":333,"y":394,"w":164,"h":129}
	}}