{"mc":{
	"dabaoDown":{
		"frameRate":25,
		"events":[
			
			],
		"frames":[
			
			{
			"res":"6779689D",
			"x":-49,
			"y":-739
			},
			{
			"res":"A67C8FD5",
			"x":-49,
			"y":-712
			},
			{
			"res":"B545C76C",
			"x":-49,
			"y":-687
			},
			{
			"res":"13551EF1",
			"x":-49,
			"y":-663
			},
			{
			"res":"821378F4",
			"x":-49,
			"y":-642
			},
			{
			"res":"4FB81B0D",
			"x":-49,
			"y":-622
			},
			{
			"res":"81CD0384",
			"x":-49,
			"y":-604
			},
			{
			"res":"D14BE740",
			"x":-51,
			"y":-587
			},
			{
			"res":"96C97DB8",
			"x":-53,
			"y":-572
			},
			{
			"res":"D2E87E3B",
			"x":-57,
			"y":-559
			},
			{
			"res":"A4501558",
			"x":-61,
			"y":-548
			},
			{
			"res":"2FF1C1CD",
			"x":-65,
			"y":-539
			},
			{
			"res":"A3A72D9B",
			"x":-68,
			"y":-531
			},
			{
			"res":"AB26F4DC",
			"x":-71,
			"y":-525
			},
			{
			"res":"62CFB4A1",
			"x":-74,
			"y":-520
			},
			{
			"res":"D7E1E731",
			"x":-75,
			"y":-518
			},
			{
			"res":"13F7FDC1",
			"x":-77,
			"y":-517
			},
			{
			"res":"26D9D491",
			"x":-78,
			"y":-517
			},
			{
			"res":"C0B9A361",
			"x":-79,
			"y":-517
			},
			{
			"res":"F10F0332",
			"x":-79,
			"y":-517
			},
			{
			"res":"EDE90229",
			"x":-79,
			"y":-517,
			"duration":9
			},
			{
			"res":"94C72E63",
			"x":-79,
			"y":-517
			},
			{
			"res":"F10F0332",
			"x":-79,
			"y":-517,
			"duration":24
			}
			]
}},
	"res":{
		"13551EF1":{"x":851,"y":0,"w":100,"h":523},
		"D7E1E731":{"x":316,"y":1038,"w":151,"h":518},
		"6779689D":{"x":1259,"y":0,"w":100,"h":523},
		"D2E87E3B":{"x":619,"y":1046,"w":116,"h":522},
		"26D9D491":{"x":160,"y":519,"w":156,"h":517},
		"96C97DB8":{"x":737,"y":1046,"w":108,"h":522},
		"C0B9A361":{"x":160,"y":0,"w":157,"h":517},
		"EDE90229":{"x":0,"y":0,"w":158,"h":517},
		"2FF1C1CD":{"x":602,"y":0,"w":131,"h":521},
		"AB26F4DC":{"x":319,"y":0,"w":142,"h":520},
		"13F7FDC1":{"x":160,"y":1038,"w":154,"h":517},
		"4FB81B0D":{"x":847,"y":525,"w":100,"h":523},
		"94C72E63":{"x":0,"y":519,"w":158,"h":517},
		"B545C76C":{"x":1055,"y":0,"w":100,"h":523},
		"A4501558":{"x":619,"y":523,"w":124,"h":521},
		"D14BE740":{"x":745,"y":0,"w":104,"h":523},
		"F10F0332":{"x":0,"y":1038,"w":158,"h":517},
		"A67C8FD5":{"x":847,"y":1050,"w":100,"h":523},
		"81CD0384":{"x":953,"y":0,"w":100,"h":523},
		"62CFB4A1":{"x":469,"y":1038,"w":148,"h":518},
		"821378F4":{"x":1157,"y":0,"w":100,"h":523},
		"A3A72D9B":{"x":463,"y":0,"w":137,"h":520}
	}}