{"mc":{
	"dabao":{
		"frameRate":25,
		"events":[
			
			],
		"frames":[
			
			{
			"res":"1D85D0AC",
			"x":-92,
			"y":-141,
			"duration":31
			},
			{
			"res":"860B8233",
			"x":-86,
			"y":-142
			},
			{
			"res":"D19CC4C8",
			"x":-79,
			"y":-143
			},
			{
			"res":"15AF6C56",
			"x":-75,
			"y":-143
			},
			{
			"res":"10A6BC1E",
			"x":-75,
			"y":-142
			},
			{
			"res":"CD75C0D0",
			"x":-75,
			"y":-141
			},
			{
			"res":"BEF89B42",
			"x":-75,
			"y":-136
			},
			{
			"res":"1BAFD95B",
			"x":-75,
			"y":-131
			},
			{
			"res":"2026B657",
			"x":-75,
			"y":-126
			},
			{
			"res":"1E19DC79",
			"x":-75,
			"y":-117
			},
			{
			"res":"553A4A9D",
			"x":-75,
			"y":-107
			},
			{
			"res":"60F09B51",
			"x":-75,
			"y":-96
			},
			{
			"res":"195B2612",
			"x":-74,
			"y":-84
			},
			{
			"res":"8D03270A",
			"x":-74,
			"y":-71,
			"duration":37
			}
			]
}},
	"res":{
		"10A6BC1E":{"x":173,"y":144,"w":149,"h":142},
		"2026B657":{"x":765,"y":1,"w":150,"h":126},
		"8D03270A":{"x":1,"y":433,"w":148,"h":71},
		"60F09B51":{"x":310,"y":407,"w":149,"h":96},
		"15AF6C56":{"x":159,"y":288,"w":149,"h":143},
		"1BAFD95B":{"x":613,"y":1,"w":150,"h":131},
		"BEF89B42":{"x":461,"y":1,"w":150,"h":136},
		"D19CC4C8":{"x":1,"y":288,"w":156,"h":143},
		"1D85D0AC":{"x":1,"y":1,"w":183,"h":141},
		"553A4A9D":{"x":324,"y":144,"w":150,"h":107},
		"CD75C0D0":{"x":310,"y":1,"w":149,"h":141},
		"860B8233":{"x":1,"y":144,"w":170,"h":142},
		"195B2612":{"x":461,"y":407,"w":148,"h":84},
		"1E19DC79":{"x":310,"y":288,"w":150,"h":117}
	}}