{"mc":{
	"gaijiaofanUp":{
		"frameRate":25,
		"events":[
			
			],
		"frames":[
			
			{
			"res":"ED56666E",
			"x":-52,
			"y":-522
			},
			{
			"res":"F2DDF317",
			"x":-52,
			"y":-553
			},
			{
			"res":"350ABA36",
			"x":-52,
			"y":-583
			},
			{
			"res":"ED246798",
			"x":-52,
			"y":-612
			},
			{
			"res":"1D56F62A",
			"x":-52,
			"y":-640
			},
			{
			"res":"3C60AFE7",
			"x":-52,
			"y":-667
			},
			{
			"res":"39319172",
			"x":-52,
			"y":-694
			},
			{
			"res":"B00903D7",
			"x":-52,
			"y":-719
			},
			{
			"res":"20845542",
			"x":-52,
			"y":-744
			},
			{
			"res":"1D56F62A",
			"x":-52,
			"y":-767
			},
			{
			"res":"2655A861",
			"x":-52,
			"y":-790
			},
			{
			"res":"132EBB98",
			"x":-52,
			"y":-812
			},
			{
			"res":"1D56F62A",
			"x":-52,
			"y":-832,
			"duration":2
			},
			{
			"res":"B00903D7",
			"x":-52,
			"y":-871
			},
			{
			"res":"1D56F62A",
			"x":-52,
			"y":-889,
			"duration":2
			},
			{
			"res":"6195D115",
			"x":-52,
			"y":-922
			},
			{
			"res":"39319172",
			"x":-52,
			"y":-938
			},
			{
			"res":"721B2C0",
			"x":-52,
			"y":-952
			},
			{
			"res":"FEEBFE6B",
			"x":-52,
			"y":-965
			},
			{
			"res":"F2DDF317",
			"x":-52,
			"y":-978
			},
			{
			"res":"6F356E3C",
			"x":-52,
			"y":-989
			},
			{
			"res":"B9B6CB6",
			"x":-52,
			"y":-1000
			},
			{
			"res":"39319172",
			"x":-52,
			"y":-1010
			},
			{
			"res":"132EBB98",
			"x":-52,
			"y":-1019
			},
			{
			"res":"34F700BD",
			"x":-52,
			"y":-1026
			},
			{
			"res":"1D56F62A",
			"x":-52,
			"y":-1033,
			"duration":2
			},
			{
			"res":"34F700BD",
			"x":-52,
			"y":-1044
			},
			{
			"res":"132EBB98",
			"x":-52,
			"y":-1049
			},
			{
			"res":"39319172",
			"x":-52,
			"y":-1052
			},
			{
			"res":"B9B6CB6",
			"x":-52,
			"y":-1054
			},
			{
			"res":"6F356E3C",
			"x":-52,
			"y":-1055
			},
			{
			"res":"ED56666E",
			"x":-52,
			"y":-1056
			}
			]
}},
	"res":{
		"39319172":{"x":0,"y":0,"w":104,"h":522},
		"20845542":{"x":106,"y":0,"w":104,"h":522},
		"ED246798":{"x":318,"y":1048,"w":104,"h":521},
		"721B2C0":{"x":212,"y":0,"w":104,"h":522},
		"ED56666E":{"x":318,"y":0,"w":104,"h":522},
		"B00903D7":{"x":424,"y":0,"w":104,"h":522},
		"6195D115":{"x":530,"y":0,"w":104,"h":522},
		"132EBB98":{"x":636,"y":0,"w":104,"h":522},
		"3C60AFE7":{"x":742,"y":0,"w":104,"h":522},
		"F2DDF317":{"x":848,"y":0,"w":104,"h":522},
		"FEEBFE6B":{"x":0,"y":524,"w":104,"h":522},
		"6F356E3C":{"x":0,"y":1048,"w":104,"h":522},
		"1D56F62A":{"x":106,"y":524,"w":104,"h":522},
		"2655A861":{"x":106,"y":1048,"w":104,"h":522},
		"34F700BD":{"x":212,"y":524,"w":104,"h":522},
		"350ABA36":{"x":212,"y":1048,"w":104,"h":522},
		"B9B6CB6":{"x":318,"y":524,"w":104,"h":522}
	}}