{"mc":{
	"gaijiaofan1_4":{
		"frameRate":24,
		"events":[
			
			],
		"frames":[
			
			{
			"res":"E56FF6FD",
			"x":-41,
			"y":-138
			},
			{
			"res":"39D5FABF",
			"x":-41,
			"y":-138
			},
			{
			"res":"2AF37AD5",
			"x":-41,
			"y":-138
			},
			{
			"res":"5E8FDE6B",
			"x":-41,
			"y":-139
			},
			{
			"res":"5264394B",
			"x":-41,
			"y":-139
			},
			{
			"res":"91FFD0DC",
			"x":-41,
			"y":-139
			},
			{
			"res":"3685704F",
			"x":-43,
			"y":-139
			},
			{
			"res":"C295D25A",
			"x":-46,
			"y":-139
			},
			{
			"res":"366A7BEB",
			"x":-48,
			"y":-139
			},
			{
			"res":"45F82446",
			"x":-51,
			"y":-139
			},
			{
			"res":"5C7B0F63",
			"x":-41,
			"y":-139
			},
			{
			"res":"8B19E4DB",
			"x":-41,
			"y":-139
			},
			{
			"res":"A9026BDC",
			"x":-41,
			"y":-139
			},
			{
			"res":"2D475A46",
			"x":-41,
			"y":-139
			},
			{
			"res":"5719E085",
			"x":-41,
			"y":-138
			},
			{
			"res":"D3ADE502",
			"x":-41,
			"y":-138
			},
			{
			"res":"3D5FE7A1",
			"x":-41,
			"y":-138
			},
			{
			"res":"38C39566",
			"x":-41,
			"y":-138
			},
			{
			"res":"DFA426FC",
			"x":-41,
			"y":-138
			},
			{
			"res":"4248618E",
			"x":-41,
			"y":-139
			},
			{
			"res":"E76404E4",
			"x":-41,
			"y":-139
			},
			{
			"res":"AD823437",
			"x":-41,
			"y":-139
			},
			{
			"res":"FF4C0BBE",
			"x":-41,
			"y":-139
			},
			{
			"res":"B94FF00C",
			"x":-41,
			"y":-139
			},
			{
			"res":"8D197F1D",
			"x":-41,
			"y":-139
			},
			{
			"res":"F7B9C50E",
			"x":-41,
			"y":-139
			},
			{
			"res":"43DE1752",
			"x":-41,
			"y":-139
			},
			{
			"res":"8132F701",
			"x":-41,
			"y":-139
			},
			{
			"res":"F1251027",
			"x":-41,
			"y":-139
			},
			{
			"res":"CB6F9506",
			"x":-41,
			"y":-139
			},
			{
			"res":"4FF43ADE",
			"x":-41,
			"y":-138
			},
			{
			"res":"D9BA2967",
			"x":-41,
			"y":-138
			},
			{
			"res":"C6ACC076",
			"x":-41,
			"y":-138
			}
			]
}},
	"res":{
		"8132F701":{"x":637,"y":1,"w":151,"h":139},
		"D3ADE502":{"x":767,"y":283,"w":151,"h":138},
		"FF4C0BBE":{"x":1,"y":283,"w":151,"h":139},
		"C295D25A":{"x":325,"y":1,"w":157,"h":139},
		"39D5FABF":{"x":307,"y":703,"w":151,"h":138},
		"5719E085":{"x":461,"y":283,"w":151,"h":138},
		"3685704F":{"x":164,"y":141,"w":154,"h":139},
		"2D475A46":{"x":154,"y":705,"w":151,"h":139},
		"AD823437":{"x":484,"y":1,"w":151,"h":139},
		"91FFD0DC":{"x":1,"y":142,"w":152,"h":139},
		"A9026BDC":{"x":790,"y":1,"w":151,"h":139},
		"E76404E4":{"x":320,"y":142,"w":151,"h":139},
		"4FF43ADE":{"x":614,"y":283,"w":151,"h":138},
		"43DE1752":{"x":155,"y":282,"w":151,"h":139},
		"D9BA2967":{"x":460,"y":423,"w":151,"h":138},
		"C6ACC076":{"x":154,"y":846,"w":151,"h":138},
		"366A7BEB":{"x":164,"y":1,"w":159,"h":138},
		"8B19E4DB":{"x":473,"y":142,"w":151,"h":139},
		"4248618E":{"x":626,"y":142,"w":151,"h":139},
		"F7B9C50E":{"x":779,"y":142,"w":151,"h":139},
		"CB6F9506":{"x":1,"y":424,"w":151,"h":139},
		"5E8FDE6B":{"x":1,"y":565,"w":151,"h":139},
		"E56FF6FD":{"x":307,"y":423,"w":151,"h":138},
		"DFA426FC":{"x":308,"y":283,"w":151,"h":138},
		"8D197F1D":{"x":307,"y":563,"w":151,"h":138},
		"5C7B0F63":{"x":1,"y":706,"w":151,"h":139},
		"38C39566":{"x":307,"y":843,"w":151,"h":138},
		"F1251027":{"x":1,"y":847,"w":151,"h":139},
		"5264394B":{"x":154,"y":423,"w":151,"h":139},
		"B94FF00C":{"x":154,"y":564,"w":151,"h":139},
		"45F82446":{"x":1,"y":1,"w":161,"h":139},
		"3D5FE7A1":{"x":613,"y":423,"w":151,"h":138},
		"2AF37AD5":{"x":766,"y":423,"w":151,"h":138}
	}}