{"mc":{
	"gaijiaofan1_3":{
		"frameRate":24,
		"events":[
			
			],
		"frames":[
			
			{
			"res":"D46DBD04",
			"x":-41,
			"y":-95
			},
			{
			"res":"528655AF",
			"x":-41,
			"y":-139
			},
			{
			"res":"FFCEE223",
			"x":-41,
			"y":-139
			},
			{
			"res":"AEF1F441",
			"x":-41,
			"y":-138
			},
			{
			"res":"EAC0E310",
			"x":-41,
			"y":-138
			},
			{
			"res":"730CC18E",
			"x":-41,
			"y":-138
			},
			{
			"res":"4AF7D135",
			"x":-41,
			"y":-137
			},
			{
			"res":"509CAAA",
			"x":-41,
			"y":-137
			},
			{
			"res":"7978A9EE",
			"x":-41,
			"y":-137
			},
			{
			"res":"8D28A3DC",
			"x":-41,
			"y":-137
			},
			{
			"res":"5AD7DD8D",
			"x":-41,
			"y":-137
			},
			{
			"res":"568C3BFF",
			"x":-41,
			"y":-137
			},
			{
			"res":"2BE3141D",
			"x":-41,
			"y":-137
			},
			{
			"res":"4734AD58",
			"x":-41,
			"y":-137
			},
			{
			"res":"199328C4",
			"x":-41,
			"y":-137
			},
			{
			"res":"A55EE00",
			"x":-41,
			"y":-137
			},
			{
			"res":"6C2D400F",
			"x":-41,
			"y":-137
			},
			{
			"res":"F241D321",
			"x":-41,
			"y":-137
			},
			{
			"res":"13686706",
			"x":-41,
			"y":-137
			},
			{
			"res":"4FC0AC46",
			"x":-41,
			"y":-137
			},
			{
			"res":"DB0C51E4",
			"x":-41,
			"y":-137
			},
			{
			"res":"B78DDA50",
			"x":-41,
			"y":-137
			},
			{
			"res":"F7B2C07D",
			"x":-41,
			"y":-137
			},
			{
			"res":"F57747B4",
			"x":-41,
			"y":-137
			},
			{
			"res":"B646AA63",
			"x":-41,
			"y":-137
			},
			{
			"res":"E7866182",
			"x":-41,
			"y":-137
			},
			{
			"res":"A1370B72",
			"x":-41,
			"y":-137
			},
			{
			"res":"7248BEB7",
			"x":-41,
			"y":-137
			},
			{
			"res":"326326B7",
			"x":-41,
			"y":-137
			},
			{
			"res":"E6083B79",
			"x":-41,
			"y":-137
			},
			{
			"res":"76D64C4D",
			"x":-41,
			"y":-137
			},
			{
			"res":"C02EE684",
			"x":-41,
			"y":-137
			},
			{
			"res":"4CF5F64D",
			"x":-41,
			"y":-137
			},
			{
			"res":"CDB1773C",
			"x":-41,
			"y":-137
			},
			{
			"res":"829EFD53",
			"x":-41,
			"y":-137
			},
			{
			"res":"85A53800",
			"x":-41,
			"y":-137
			},
			{
			"res":"E973604F",
			"x":-41,
			"y":-137
			},
			{
			"res":"A325AF48",
			"x":-41,
			"y":-137
			},
			{
			"res":"A4299287",
			"x":-41,
			"y":-137
			},
			{
			"res":"B84248EF",
			"x":-41,
			"y":-137
			},
			{
			"res":"732D03CD",
			"x":-41,
			"y":-137
			},
			{
			"res":"9CF6AA99",
			"x":-41,
			"y":-137
			},
			{
			"res":"1DE8213E",
			"x":-41,
			"y":-137
			},
			{
			"res":"2FA05F1C",
			"x":-41,
			"y":-137
			},
			{
			"res":"C79C72F7",
			"x":-41,
			"y":-137
			},
			{
			"res":"DD6CD06C",
			"x":-41,
			"y":-137
			},
			{
			"res":"F9750758",
			"x":-41,
			"y":-137
			},
			{
			"res":"24302001",
			"x":-41,
			"y":-137
			},
			{
			"res":"D28ADF36",
			"x":-41,
			"y":-137
			},
			{
			"res":"5E0A1A48",
			"x":-41,
			"y":-137
			},
			{
			"res":"A9D31C0C",
			"x":-41,
			"y":-137
			},
			{
			"res":"1254EF91",
			"x":-41,
			"y":-137
			},
			{
			"res":"3BC1BDED",
			"x":-41,
			"y":-137
			},
			{
			"res":"78FFB20F",
			"x":-41,
			"y":-137
			},
			{
			"res":"31F95B32",
			"x":-41,
			"y":-137
			},
			{
			"res":"E1C13AE",
			"x":-41,
			"y":-137
			},
			{
			"res":"4702DD4",
			"x":-41,
			"y":-137
			},
			{
			"res":"3CDBD916",
			"x":-41,
			"y":-137
			},
			{
			"res":"B9C81E85",
			"x":-41,
			"y":-137,
			"duration":2
			},
			{
			"res":"D64DC2BE",
			"x":-41,
			"y":-136
			},
			{
			"res":"BE2B3F62",
			"x":-41,
			"y":-135
			},
			{
			"res":"E3EEB9D7",
			"x":-41,
			"y":-133
			},
			{
			"res":"A5A5AFFE",
			"x":-41,
			"y":-130
			},
			{
			"res":"A5AE6263",
			"x":-41,
			"y":-125
			},
			{
			"res":"F15327A",
			"x":-41,
			"y":-121
			},
			{
			"res":"D81719C5",
			"x":-41,
			"y":-115
			},
			{
			"res":"4C7E12BB",
			"x":-41,
			"y":-108
			},
			{
			"res":"63889449",
			"x":-41,
			"y":-100
			},
			{
			"res":"9CF471D9",
			"x":-41,
			"y":-95
			},
			{
			"res":"89C33C06",
			"x":-41,
			"y":-95
			},
			{
			"res":"34185658",
			"x":-41,
			"y":-95,
			"duration":6
			}
			]
}},
	"res":{
		"24302001":{"x":460,"y":696,"w":151,"h":137},
		"13686706":{"x":613,"y":279,"w":151,"h":137},
		"34185658":{"x":1378,"y":267,"w":151,"h":95},
		"63889449":{"x":1837,"y":250,"w":151,"h":100},
		"E1C13AE":{"x":613,"y":557,"w":151,"h":137},
		"2BE3141D":{"x":766,"y":1,"w":151,"h":137},
		"B84248EF":{"x":766,"y":140,"w":151,"h":137},
		"4702DD4":{"x":1,"y":703,"w":151,"h":137},
		"568C3BFF":{"x":1,"y":842,"w":151,"h":137},
		"F7B2C07D":{"x":154,"y":1,"w":151,"h":137},
		"3CDBD916":{"x":154,"y":140,"w":151,"h":137},
		"F57747B4":{"x":154,"y":279,"w":151,"h":137},
		"732D03CD":{"x":154,"y":418,"w":151,"h":137},
		"B9C81E85":{"x":154,"y":557,"w":151,"h":137},
		"8D28A3DC":{"x":154,"y":696,"w":151,"h":137},
		"9CF6AA99":{"x":154,"y":835,"w":151,"h":137},
		"5AD7DD8D":{"x":307,"y":1,"w":151,"h":137},
		"7978A9EE":{"x":307,"y":140,"w":151,"h":137},
		"B646AA63":{"x":307,"y":279,"w":151,"h":137},
		"1DE8213E":{"x":307,"y":418,"w":151,"h":137},
		"D64DC2BE":{"x":1072,"y":556,"w":151,"h":136},
		"509CAAA":{"x":1072,"y":418,"w":151,"h":136},
		"E7866182":{"x":307,"y":557,"w":151,"h":137},
		"D46DBD04":{"x":1225,"y":272,"w":151,"h":95},
		"2FA05F1C":{"x":307,"y":696,"w":151,"h":137},
		"BE2B3F62":{"x":1072,"y":694,"w":151,"h":134},
		"7248BEB7":{"x":307,"y":835,"w":151,"h":137},
		"A1370B72":{"x":460,"y":1,"w":151,"h":137},
		"4AF7D135":{"x":460,"y":140,"w":151,"h":137},
		"C79C72F7":{"x":460,"y":279,"w":151,"h":137},
		"E3EEB9D7":{"x":1072,"y":830,"w":151,"h":133},
		"326326B7":{"x":460,"y":418,"w":151,"h":137},
		"DD6CD06C":{"x":460,"y":557,"w":151,"h":137},
		"A5A5AFFE":{"x":1225,"y":140,"w":151,"h":130},
		"730CC18E":{"x":1,"y":283,"w":151,"h":138},
		"A5AE6263":{"x":1378,"y":140,"w":151,"h":125},
		"76D64C4D":{"x":460,"y":835,"w":151,"h":137},
		"F9750758":{"x":613,"y":1,"w":151,"h":137},
		"E6083B79":{"x":613,"y":140,"w":151,"h":137},
		"F15327A":{"x":1531,"y":140,"w":151,"h":121},
		"AEF1F441":{"x":1,"y":563,"w":151,"h":138},
		"B78DDA50":{"x":613,"y":418,"w":151,"h":137},
		"FFCEE223":{"x":1,"y":1,"w":151,"h":139},
		"C02EE684":{"x":613,"y":696,"w":151,"h":137},
		"D28ADF36":{"x":613,"y":835,"w":151,"h":137},
		"EAC0E310":{"x":1,"y":423,"w":151,"h":138},
		"528655AF":{"x":1,"y":142,"w":151,"h":139},
		"DB0C51E4":{"x":766,"y":279,"w":151,"h":137},
		"5E0A1A48":{"x":766,"y":418,"w":151,"h":137},
		"829EFD53":{"x":766,"y":557,"w":151,"h":137},
		"4FC0AC46":{"x":766,"y":696,"w":151,"h":137},
		"4CF5F64D":{"x":766,"y":835,"w":151,"h":137},
		"A9D31C0C":{"x":919,"y":1,"w":151,"h":137},
		"CDB1773C":{"x":919,"y":140,"w":151,"h":137},
		"1254EF91":{"x":919,"y":279,"w":151,"h":137},
		"F241D321":{"x":919,"y":418,"w":151,"h":137},
		"85A53800":{"x":919,"y":557,"w":151,"h":137},
		"3BC1BDED":{"x":919,"y":696,"w":151,"h":137},
		"6C2D400F":{"x":919,"y":835,"w":151,"h":137},
		"E973604F":{"x":1072,"y":1,"w":151,"h":137},
		"89C33C06":{"x":1531,"y":263,"w":151,"h":95},
		"A55EE00":{"x":1225,"y":1,"w":151,"h":137},
		"78FFB20F":{"x":1378,"y":1,"w":151,"h":137},
		"9CF471D9":{"x":1684,"y":257,"w":151,"h":95},
		"199328C4":{"x":1531,"y":1,"w":151,"h":137},
		"A325AF48":{"x":1684,"y":1,"w":151,"h":137},
		"31F95B32":{"x":1837,"y":1,"w":151,"h":137},
		"4734AD58":{"x":1072,"y":140,"w":151,"h":137},
		"D81719C5":{"x":1684,"y":140,"w":151,"h":115},
		"4C7E12BB":{"x":1837,"y":140,"w":151,"h":108},
		"A4299287":{"x":1072,"y":279,"w":151,"h":137}
	}}