{"mc":{
	"gaijiaofan1_1":{
		"frameRate":24,
		"events":[
			
			],
		"frames":[
			
			{
			"res":"26841D1D",
			"x":-41,
			"y":-133
			},
			{
			"res":"16E9E1F8",
			"x":-41,
			"y":-133
			},
			{
			"res":"BB9D2C30",
			"x":-41,
			"y":-132
			},
			{
			"res":"DA3F363A",
			"x":-41,
			"y":-132
			},
			{
			"res":"6E2CECD6",
			"x":-41,
			"y":-131
			},
			{
			"res":"C955DAA7",
			"x":-41,
			"y":-130
			},
			{
			"res":"F0130468",
			"x":-41,
			"y":-130
			},
			{
			"res":"CA18B9F6",
			"x":-41,
			"y":-129
			},
			{
			"res":"BAF8770F",
			"x":-41,
			"y":-128
			},
			{
			"res":"D01D0626",
			"x":-41,
			"y":-129
			},
			{
			"res":"A2D5D9E4",
			"x":-41,
			"y":-130
			},
			{
			"res":"B0D540C6",
			"x":-41,
			"y":-130
			},
			{
			"res":"49E1EC48",
			"x":-41,
			"y":-131
			},
			{
			"res":"B9A76F2B",
			"x":-41,
			"y":-132
			},
			{
			"res":"ABAD32B",
			"x":-41,
			"y":-132
			},
			{
			"res":"E46EE23C",
			"x":-41,
			"y":-133
			},
			{
			"res":"8444E193",
			"x":-41,
			"y":-133
			},
			{
			"res":"CB5CFC8E",
			"x":-41,
			"y":-133
			},
			{
			"res":"68229924",
			"x":-41,
			"y":-132
			},
			{
			"res":"5666D93F",
			"x":-41,
			"y":-132
			},
			{
			"res":"FBE0D50A",
			"x":-41,
			"y":-131
			},
			{
			"res":"7B7A00EE",
			"x":-41,
			"y":-130
			},
			{
			"res":"159AB128",
			"x":-41,
			"y":-130
			},
			{
			"res":"99E9716",
			"x":-41,
			"y":-129
			},
			{
			"res":"DF8E54DD",
			"x":-41,
			"y":-128
			},
			{
			"res":"4E645F56",
			"x":-41,
			"y":-129
			},
			{
			"res":"25A6E506",
			"x":-41,
			"y":-130
			},
			{
			"res":"4A4C34F5",
			"x":-41,
			"y":-130
			},
			{
			"res":"5EB2C464",
			"x":-41,
			"y":-131
			},
			{
			"res":"2766F584",
			"x":-41,
			"y":-132
			},
			{
			"res":"BBBE90F7",
			"x":-41,
			"y":-132
			},
			{
			"res":"2AAF5098",
			"x":-41,
			"y":-133
			},
			{
			"res":"FD4B11D6",
			"x":-41,
			"y":-133
			},
			{
			"res":"6AD114DF",
			"x":-41,
			"y":-133
			},
			{
			"res":"CFECA7F1",
			"x":-41,
			"y":-132
			},
			{
			"res":"78019C12",
			"x":-41,
			"y":-132
			},
			{
			"res":"6AD1C90F",
			"x":-41,
			"y":-131
			},
			{
			"res":"85888569",
			"x":-41,
			"y":-130
			},
			{
			"res":"39C20418",
			"x":-41,
			"y":-130
			},
			{
			"res":"ABC373B5",
			"x":-41,
			"y":-129
			},
			{
			"res":"9D931705",
			"x":-41,
			"y":-128
			},
			{
			"res":"629A5220",
			"x":-41,
			"y":-129
			},
			{
			"res":"53743FD",
			"x":-41,
			"y":-130
			},
			{
			"res":"B98D8DD0",
			"x":-41,
			"y":-130
			},
			{
			"res":"277C66AF",
			"x":-41,
			"y":-131
			},
			{
			"res":"B0A42DE7",
			"x":-41,
			"y":-132
			},
			{
			"res":"F0FA2355",
			"x":-41,
			"y":-132
			}
			]
}},
	"res":{
		"85888569":{"x":617,"y":529,"w":152,"h":130},
		"68229924":{"x":309,"y":135,"w":152,"h":132},
		"E46EE23C":{"x":1,"y":1,"w":152,"h":133},
		"BAF8770F":{"x":925,"y":393,"w":152,"h":128},
		"D01D0626":{"x":771,"y":787,"w":152,"h":129},
		"9D931705":{"x":925,"y":523,"w":152,"h":128},
		"ABC373B5":{"x":925,"y":1,"w":152,"h":129},
		"CA18B9F6":{"x":771,"y":525,"w":152,"h":129},
		"5666D93F":{"x":309,"y":269,"w":152,"h":132},
		"4A4C34F5":{"x":617,"y":661,"w":152,"h":130},
		"F0130468":{"x":617,"y":793,"w":152,"h":130},
		"F0FA2355":{"x":309,"y":403,"w":152,"h":132},
		"ABAD32B":{"x":309,"y":1,"w":152,"h":132},
		"53743FD":{"x":771,"y":1,"w":152,"h":129},
		"FD4B11D6":{"x":1,"y":136,"w":152,"h":133},
		"629A5220":{"x":771,"y":656,"w":152,"h":129},
		"C955DAA7":{"x":463,"y":798,"w":152,"h":130},
		"B98D8DD0":{"x":617,"y":1,"w":152,"h":130},
		"25A6E506":{"x":925,"y":132,"w":152,"h":129},
		"6E2CECD6":{"x":463,"y":134,"w":152,"h":131},
		"8444E193":{"x":1,"y":271,"w":152,"h":133},
		"2AAF5098":{"x":1,"y":406,"w":152,"h":133},
		"CFECA7F1":{"x":155,"y":136,"w":152,"h":132},
		"DA3F363A":{"x":155,"y":270,"w":152,"h":132},
		"159AB128":{"x":617,"y":133,"w":152,"h":130},
		"B0A42DE7":{"x":155,"y":404,"w":152,"h":132},
		"B9A76F2B":{"x":155,"y":538,"w":152,"h":132},
		"BB9D2C30":{"x":155,"y":672,"w":152,"h":132},
		"FBE0D50A":{"x":309,"y":805,"w":152,"h":131},
		"BBBE90F7":{"x":155,"y":806,"w":152,"h":132},
		"6AD114DF":{"x":1,"y":541,"w":152,"h":133},
		"49E1EC48":{"x":463,"y":1,"w":152,"h":131},
		"16E9E1F8":{"x":1,"y":676,"w":152,"h":133},
		"277C66AF":{"x":463,"y":400,"w":152,"h":131},
		"B0D540C6":{"x":463,"y":666,"w":152,"h":130},
		"CB5CFC8E":{"x":1,"y":811,"w":152,"h":133},
		"26841D1D":{"x":155,"y":1,"w":152,"h":133},
		"2766F584":{"x":309,"y":537,"w":152,"h":132},
		"4E645F56":{"x":771,"y":132,"w":152,"h":129},
		"A2D5D9E4":{"x":771,"y":263,"w":152,"h":129},
		"99E9716":{"x":771,"y":394,"w":152,"h":129},
		"39C20418":{"x":617,"y":265,"w":152,"h":130},
		"7B7A00EE":{"x":617,"y":397,"w":152,"h":130},
		"6AD1C90F":{"x":463,"y":267,"w":152,"h":131},
		"DF8E54DD":{"x":925,"y":263,"w":152,"h":128},
		"78019C12":{"x":309,"y":671,"w":152,"h":132},
		"5EB2C464":{"x":463,"y":533,"w":152,"h":131}
	}}