{"mc":{
	"gaijiaofan1_2":{
		"frameRate":24,
		"events":[
			
			],
		"frames":[
			
			{
			"res":"38C01A3",
			"x":-41,
			"y":-87
			},
			{
			"res":"CA9BEBE4",
			"x":-41,
			"y":-88
			},
			{
			"res":"E0CB1314",
			"x":-41,
			"y":-88
			},
			{
			"res":"1AF6B601",
			"x":-41,
			"y":-90
			},
			{
			"res":"3EA943E1",
			"x":-43,
			"y":-91
			},
			{
			"res":"69D8A0D",
			"x":-45,
			"y":-96
			},
			{
			"res":"C575F8A4",
			"x":-48,
			"y":-100
			},
			{
			"res":"ED6034D9",
			"x":-51,
			"y":-104
			},
			{
			"res":"8E78010D",
			"x":-53,
			"y":-110
			},
			{
			"res":"DB963521",
			"x":-55,
			"y":-116
			},
			{
			"res":"B547075",
			"x":-55,
			"y":-125
			},
			{
			"res":"9237CE80",
			"x":-53,
			"y":-131
			},
			{
			"res":"82C0AC85",
			"x":-50,
			"y":-129
			},
			{
			"res":"D26ABD98",
			"x":-47,
			"y":-127
			},
			{
			"res":"A0B641E0",
			"x":-44,
			"y":-123
			},
			{
			"res":"CEDB70F1",
			"x":-42,
			"y":-119
			},
			{
			"res":"13E3D6E8",
			"x":-41,
			"y":-114
			},
			{
			"res":"7EFB6256",
			"x":-41,
			"y":-109
			},
			{
			"res":"E1F1FA58",
			"x":-41,
			"y":-104
			},
			{
			"res":"8F780342",
			"x":-41,
			"y":-101
			},
			{
			"res":"D0AEC8BC",
			"x":-41,
			"y":-98
			},
			{
			"res":"C0F4E066",
			"x":-41,
			"y":-96
			},
			{
			"res":"D46DBD04",
			"x":-41,
			"y":-95
			},
			{
			"res":"8961543F",
			"x":-41,
			"y":-95,
			"duration":11
			},
			{
			"res":"D46DBD04",
			"x":-41,
			"y":-95
			}
			]
}},
	"res":{
		"38C01A3":{"x":751,"y":190,"w":152,"h":87},
		"CA9BEBE4":{"x":602,"y":291,"w":151,"h":88},
		"ED6034D9":{"x":755,"y":382,"w":147,"h":104},
		"E0CB1314":{"x":755,"y":279,"w":150,"h":88},
		"13E3D6E8":{"x":150,"y":382,"w":149,"h":114},
		"C575F8A4":{"x":300,"y":229,"w":147,"h":100},
		"B547075":{"x":150,"y":134,"w":147,"h":125},
		"7EFB6256":{"x":301,"y":382,"w":150,"h":109},
		"69D8A0D":{"x":453,"y":1,"w":147,"h":96},
		"C0F4E066":{"x":449,"y":229,"w":151,"h":96},
		"CEDB70F1":{"x":150,"y":261,"w":148,"h":119},
		"D46DBD04":{"x":452,"y":101,"w":151,"h":95},
		"D26ABD98":{"x":1,"y":265,"w":147,"h":127},
		"D0AEC8BC":{"x":300,"y":1,"w":151,"h":98},
		"82C0AC85":{"x":1,"y":134,"w":147,"h":129},
		"8E78010D":{"x":453,"y":382,"w":147,"h":110},
		"DB963521":{"x":1,"y":394,"w":147,"h":116},
		"8961543F":{"x":602,"y":1,"w":151,"h":95},
		"1AF6B601":{"x":605,"y":98,"w":148,"h":90},
		"9237CE80":{"x":1,"y":1,"w":148,"h":131},
		"E1F1FA58":{"x":602,"y":382,"w":151,"h":104},
		"3EA943E1":{"x":602,"y":198,"w":147,"h":91},
		"8F780342":{"x":299,"y":126,"w":151,"h":101},
		"A0B641E0":{"x":151,"y":1,"w":147,"h":123}
	}}