{"mc":{
	"panini3_0":{
		"frameRate":24,
		"events":[
			
			],
		"frames":[
			
			{
			"res":"73CE8825",
			"x":-86,
			"y":-227
			},
			{
			"res":"C1AE637",
			"x":-86,
			"y":-224
			},
			{
			"res":"5E25AB1E",
			"x":-86,
			"y":-222
			},
			{
			"res":"18126950",
			"x":-86,
			"y":-215
			},
			{
			"res":"B5F49E6E",
			"x":-86,
			"y":-207
			},
			{
			"res":"B35095DA",
			"x":-86,
			"y":-195
			},
			{
			"res":"A49A2F94",
			"x":-86,
			"y":-182
			},
			{
			"res":"E9A364C4",
			"x":-86,
			"y":-165
			},
			{
			"res":"64860A8F",
			"x":-86,
			"y":-148
			},
			{
			"res":"B648FD03",
			"x":-86,
			"y":-125
			},
			{
			"res":"F123AEFD",
			"x":-86,
			"y":-103
			},
			{
			"res":"D074AC2E",
			"x":-86,
			"y":-77
			},
			{
			"res":"2D09F70F",
			"x":-86,
			"y":-78
			},
			{
			"res":"9BA84ADE",
			"x":-86,
			"y":-79
			},
			{
			"res":"143C1DDF",
			"x":-86,
			"y":-81
			},
			{
			"res":"6373827E",
			"x":-86,
			"y":-83
			},
			{
			"res":"3D9F5083",
			"x":-86,
			"y":-83
			},
			{
			"res":"4C1660BB",
			"x":-86,
			"y":-83
			},
			{
			"res":"E6E29BFA",
			"x":-86,
			"y":-83
			},
			{
			"res":"EB6EDA9",
			"x":-86,
			"y":-83
			},
			{
			"res":"6D58CAD2",
			"x":-86,
			"y":-83
			},
			{
			"res":"ABCF282D",
			"x":-86,
			"y":-83
			},
			{
			"res":"E1C4698D",
			"x":-86,
			"y":-83
			},
			{
			"res":"2FF88DD9",
			"x":-86,
			"y":-83
			},
			{
			"res":"C5266E07",
			"x":-86,
			"y":-83
			},
			{
			"res":"A6F9FF31",
			"x":-86,
			"y":-83
			},
			{
			"res":"24D51ADD",
			"x":-86,
			"y":-83
			},
			{
			"res":"5BA76A3",
			"x":-86,
			"y":-83
			},
			{
			"res":"4363F4FC",
			"x":-86,
			"y":-83
			},
			{
			"res":"EF677B52",
			"x":-86,
			"y":-83
			},
			{
			"res":"55994BF",
			"x":-86,
			"y":-83
			},
			{
			"res":"C31485F3",
			"x":-86,
			"y":-83
			},
			{
			"res":"9A97C640",
			"x":-86,
			"y":-83
			},
			{
			"res":"CC541A8A",
			"x":-86,
			"y":-83
			},
			{
			"res":"ECB12DF4",
			"x":-86,
			"y":-83
			},
			{
			"res":"B84C4513",
			"x":-86,
			"y":-82
			},
			{
			"res":"7A3DCFCD",
			"x":-86,
			"y":-82
			},
			{
			"res":"73BAC8F4",
			"x":-86,
			"y":-82
			},
			{
			"res":"E6301CCC",
			"x":-86,
			"y":-81
			},
			{
			"res":"9EE5B4E6",
			"x":-86,
			"y":-81
			},
			{
			"res":"78DCB2F7",
			"x":-86,
			"y":-81
			},
			{
			"res":"50C5EFAC",
			"x":-86,
			"y":-81
			},
			{
			"res":"E203B2E0",
			"x":-86,
			"y":-81
			},
			{
			"res":"A0514398",
			"x":-86,
			"y":-82
			},
			{
			"res":"16F42473",
			"x":-86,
			"y":-82
			},
			{
			"res":"4D0B174A",
			"x":-86,
			"y":-82
			},
			{
			"res":"9381DCF8",
			"x":-86,
			"y":-83
			},
			{
			"res":"768F0BC1",
			"x":-86,
			"y":-83
			},
			{
			"res":"EA59745C",
			"x":-86,
			"y":-83
			},
			{
			"res":"8B88416E",
			"x":-86,
			"y":-82
			},
			{
			"res":"C6983682",
			"x":-86,
			"y":-82
			}
			]
}},
	"res":{
		"18126950":{"x":526,"y":1,"w":173,"h":216},
		"EB6EDA9":{"x":1,"y":463,"w":173,"h":83},
		"5E25AB1E":{"x":351,"y":1,"w":173,"h":222},
		"78DCB2F7":{"x":176,"y":804,"w":173,"h":82},
		"B648FD03":{"x":1,"y":230,"w":173,"h":125},
		"C1AE637":{"x":176,"y":1,"w":173,"h":225},
		"B84C4513":{"x":701,"y":748,"w":173,"h":82},
		"8B88416E":{"x":351,"y":901,"w":172,"h":82},
		"E9A364C4":{"x":351,"y":225,"w":173,"h":166},
		"F123AEFD":{"x":1,"y":357,"w":173,"h":104},
		"55994BF":{"x":701,"y":832,"w":173,"h":82},
		"C6983682":{"x":351,"y":733,"w":173,"h":82},
		"D074AC2E":{"x":351,"y":994,"w":173,"h":77},
		"73CE8825":{"x":1,"y":1,"w":173,"h":227},
		"A49A2F94":{"x":526,"y":219,"w":173,"h":183},
		"C31485F3":{"x":526,"y":489,"w":173,"h":83},
		"7A3DCFCD":{"x":1,"y":888,"w":173,"h":82},
		"9381DCF8":{"x":526,"y":574,"w":173,"h":83},
		"EA59745C":{"x":176,"y":719,"w":173,"h":83},
		"2D09F70F":{"x":1,"y":1055,"w":173,"h":79},
		"16F42473":{"x":351,"y":817,"w":173,"h":82},
		"B35095DA":{"x":701,"y":211,"w":173,"h":196},
		"6D58CAD2":{"x":351,"y":393,"w":173,"h":83},
		"2FF88DD9":{"x":176,"y":464,"w":173,"h":83},
		"9BA84ADE":{"x":1,"y":1136,"w":173,"h":79},
		"73BAC8F4":{"x":526,"y":659,"w":173,"h":82},
		"9A97C640":{"x":1,"y":548,"w":173,"h":83},
		"C5266E07":{"x":526,"y":404,"w":173,"h":83},
		"4D0B174A":{"x":701,"y":664,"w":173,"h":82},
		"CC541A8A":{"x":526,"y":743,"w":173,"h":82},
		"50C5EFAC":{"x":176,"y":972,"w":173,"h":81},
		"143C1DDF":{"x":525,"y":911,"w":173,"h":81},
		"A6F9FF31":{"x":351,"y":478,"w":173,"h":83},
		"E203B2E0":{"x":176,"y":1055,"w":173,"h":81},
		"ABCF282D":{"x":176,"y":549,"w":173,"h":83},
		"E6301CCC":{"x":1,"y":972,"w":173,"h":81},
		"6373827E":{"x":1,"y":633,"w":173,"h":83},
		"24D51ADD":{"x":701,"y":409,"w":173,"h":83},
		"768F0BC1":{"x":176,"y":888,"w":173,"h":82},
		"3D9F5083":{"x":176,"y":378,"w":173,"h":84},
		"5BA76A3":{"x":351,"y":563,"w":173,"h":83},
		"4C1660BB":{"x":176,"y":634,"w":173,"h":83},
		"4363F4FC":{"x":1,"y":718,"w":173,"h":83},
		"E6E29BFA":{"x":701,"y":494,"w":173,"h":83},
		"B5F49E6E":{"x":701,"y":1,"w":173,"h":208},
		"ECB12DF4":{"x":351,"y":648,"w":173,"h":83},
		"A0514398":{"x":526,"y":827,"w":173,"h":82},
		"9EE5B4E6":{"x":700,"y":916,"w":173,"h":81},
		"64860A8F":{"x":176,"y":228,"w":173,"h":148},
		"E1C4698D":{"x":1,"y":803,"w":173,"h":83},
		"EF677B52":{"x":701,"y":579,"w":173,"h":83}
	}}