{"mc":{
	"panini4":{
		"frameRate":25,
		"events":[
			
			],
		"frames":[
			
			{
			"res":"F115C75A",
			"x":-86,
			"y":-174
			},
			{
			"res":"B686558C",
			"x":-86,
			"y":-174
			},
			{
			"res":"D8DB0CBE",
			"x":-86,
			"y":-174
			},
			{
			"res":"FB1145A5",
			"x":-86,
			"y":-174
			},
			{
			"res":"73D38122",
			"x":-86,
			"y":-174
			},
			{
			"res":"913F101E",
			"x":-86,
			"y":-174
			},
			{
			"res":"BBF5CAD2",
			"x":-86,
			"y":-174
			},
			{
			"res":"AC8B351A",
			"x":-86,
			"y":-174
			},
			{
			"res":"4FA06A28",
			"x":-86,
			"y":-174
			},
			{
			"res":"98EEB43",
			"x":-86,
			"y":-174
			},
			{
			"res":"FB3135E3",
			"x":-86,
			"y":-174
			},
			{
			"res":"519BEC54",
			"x":-86,
			"y":-174
			},
			{
			"res":"F635862",
			"x":-86,
			"y":-174
			},
			{
			"res":"ED35FB6A",
			"x":-86,
			"y":-172
			},
			{
			"res":"378D8907",
			"x":-86,
			"y":-173
			},
			{
			"res":"DB3A594F",
			"x":-86,
			"y":-180
			},
			{
			"res":"815A7301",
			"x":-86,
			"y":-187
			},
			{
			"res":"43B453A0",
			"x":-86,
			"y":-192
			},
			{
			"res":"48C20DE9",
			"x":-86,
			"y":-196
			},
			{
			"res":"8FB8C109",
			"x":-86,
			"y":-200
			},
			{
			"res":"AC9AF3E4",
			"x":-86,
			"y":-205
			},
			{
			"res":"650A65A",
			"x":-86,
			"y":-206
			},
			{
			"res":"AAD8B9AE",
			"x":-86,
			"y":-208
			},
			{
			"res":"7A7528A6",
			"x":-86,
			"y":-209
			},
			{
			"res":"687A9013",
			"x":-86,
			"y":-211
			},
			{
			"res":"51E98088",
			"x":-86,
			"y":-207
			},
			{
			"res":"BC88061A",
			"x":-86,
			"y":-204
			},
			{
			"res":"FCFBB083",
			"x":-86,
			"y":-200
			},
			{
			"res":"C5F3E0C1",
			"x":-86,
			"y":-194
			},
			{
			"res":"81B7D385",
			"x":-86,
			"y":-187
			},
			{
			"res":"8929EF55",
			"x":-86,
			"y":-180
			},
			{
			"res":"9AA7938D",
			"x":-86,
			"y":-170
			},
			{
			"res":"59D69680",
			"x":-86,
			"y":-159
			},
			{
			"res":"D7926D81",
			"x":-86,
			"y":-149
			},
			{
			"res":"B259F418",
			"x":-86,
			"y":-137
			},
			{
			"res":"A600A16D",
			"x":-86,
			"y":-138
			},
			{
			"res":"9FCC9B22",
			"x":-86,
			"y":-140
			},
			{
			"res":"BE639464",
			"x":-86,
			"y":-142
			},
			{
			"res":"41058412",
			"x":-86,
			"y":-142
			},
			{
			"res":"DE416DE2",
			"x":-86,
			"y":-142
			},
			{
			"res":"D4351C3F",
			"x":-86,
			"y":-142
			},
			{
			"res":"76A65041",
			"x":-86,
			"y":-142
			},
			{
			"res":"9C507AE2",
			"x":-86,
			"y":-142
			},
			{
			"res":"22E40D5C",
			"x":-86,
			"y":-142
			},
			{
			"res":"FC805ABA",
			"x":-86,
			"y":-142
			},
			{
			"res":"CD76D748",
			"x":-86,
			"y":-142
			},
			{
			"res":"13624969",
			"x":-86,
			"y":-142
			},
			{
			"res":"8418AE84",
			"x":-86,
			"y":-142
			},
			{
			"res":"3A809E7A",
			"x":-86,
			"y":-142
			},
			{
			"res":"6C2C6F63",
			"x":-86,
			"y":-142
			},
			{
			"res":"8C7E88B9",
			"x":-86,
			"y":-142
			},
			{
			"res":"C084DAEC",
			"x":-86,
			"y":-142
			},
			{
			"res":"23EB6CDA",
			"x":-86,
			"y":-142
			},
			{
			"res":"324E571E",
			"x":-86,
			"y":-142
			},
			{
			"res":"94A58D61",
			"x":-86,
			"y":-142
			},
			{
			"res":"5063343E",
			"x":-86,
			"y":-142
			},
			{
			"res":"A251F2F1",
			"x":-86,
			"y":-142
			},
			{
			"res":"717BFA49",
			"x":-86,
			"y":-142
			},
			{
			"res":"6A7B952B",
			"x":-86,
			"y":-142
			},
			{
			"res":"99463405",
			"x":-86,
			"y":-142
			}
			]
}},
	"res":{
		"13624969":{"x":351,"y":566,"w":173,"h":143},
		"41058412":{"x":701,"y":998,"w":173,"h":143},
		"99463405":{"x":526,"y":1000,"w":173,"h":143},
		"BC88061A":{"x":701,"y":1,"w":173,"h":205},
		"73D38122":{"x":526,"y":1430,"w":173,"h":83},
		"51E98088":{"x":526,"y":1,"w":173,"h":208},
		"FB1145A5":{"x":351,"y":1588,"w":173,"h":83},
		"687A9013":{"x":1,"y":1,"w":173,"h":212},
		"BE639464":{"x":351,"y":1001,"w":173,"h":143},
		"22E40D5C":{"x":526,"y":1145,"w":173,"h":143},
		"7A7528A6":{"x":176,"y":1,"w":173,"h":210},
		"FC805ABA":{"x":526,"y":855,"w":173,"h":143},
		"8418AE84":{"x":176,"y":866,"w":173,"h":143},
		"B686558C":{"x":1,"y":1409,"w":173,"h":83},
		"9FCC9B22":{"x":1,"y":1153,"w":173,"h":141},
		"D8DB0CBE":{"x":1,"y":1494,"w":173,"h":83},
		"F115C75A":{"x":1,"y":1579,"w":173,"h":83},
		"650A65A":{"x":351,"y":212,"w":173,"h":190},
		"AAD8B9AE":{"x":351,"y":1,"w":173,"h":209},
		"9AA7938D":{"x":176,"y":403,"w":173,"h":171},
		"AC9AF3E4":{"x":1,"y":398,"w":173,"h":173},
		"9C507AE2":{"x":701,"y":563,"w":173,"h":143},
		"C084DAEC":{"x":526,"y":565,"w":173,"h":143},
		"8FB8C109":{"x":526,"y":408,"w":173,"h":155},
		"DE416DE2":{"x":1,"y":573,"w":173,"h":143},
		"48C20DE9":{"x":701,"y":1288,"w":173,"h":138},
		"A600A16D":{"x":176,"y":1156,"w":173,"h":139},
		"43B453A0":{"x":351,"y":1291,"w":173,"h":125},
		"8C7E88B9":{"x":176,"y":576,"w":173,"h":143},
		"815A7301":{"x":1,"y":1296,"w":173,"h":111},
		"76A65041":{"x":701,"y":708,"w":173,"h":143},
		"6A7B952B":{"x":526,"y":710,"w":173,"h":143},
		"B259F418":{"x":526,"y":1290,"w":173,"h":138},
		"DB3A594F":{"x":176,"y":1297,"w":173,"h":99},
		"717BFA49":{"x":351,"y":711,"w":173,"h":143},
		"378D8907":{"x":176,"y":1398,"w":173,"h":86},
		"6C2C6F63":{"x":1,"y":718,"w":173,"h":143},
		"CD76D748":{"x":176,"y":721,"w":173,"h":143},
		"A251F2F1":{"x":701,"y":853,"w":173,"h":143},
		"ED35FB6A":{"x":351,"y":1418,"w":173,"h":83},
		"8929EF55":{"x":1,"y":215,"w":173,"h":181},
		"D4351C3F":{"x":351,"y":856,"w":173,"h":143},
		"F635862":{"x":701,"y":1513,"w":173,"h":83},
		"5063343E":{"x":1,"y":863,"w":173,"h":143},
		"81B7D385":{"x":176,"y":213,"w":173,"h":188},
		"519BEC54":{"x":701,"y":1598,"w":173,"h":83},
		"59D69680":{"x":351,"y":404,"w":173,"h":160},
		"C5F3E0C1":{"x":526,"y":211,"w":173,"h":195},
		"FB3135E3":{"x":701,"y":1428,"w":173,"h":83},
		"D7926D81":{"x":701,"y":411,"w":173,"h":150},
		"98EEB43":{"x":176,"y":1486,"w":173,"h":83},
		"94A58D61":{"x":1,"y":1008,"w":173,"h":143},
		"4FA06A28":{"x":351,"y":1503,"w":173,"h":83},
		"324E571E":{"x":176,"y":1011,"w":173,"h":143},
		"AC8B351A":{"x":526,"y":1515,"w":173,"h":83},
		"BBF5CAD2":{"x":176,"y":1571,"w":173,"h":83},
		"23EB6CDA":{"x":701,"y":1143,"w":173,"h":143},
		"FCFBB083":{"x":701,"y":208,"w":173,"h":201},
		"3A809E7A":{"x":351,"y":1146,"w":173,"h":143},
		"913F101E":{"x":526,"y":1600,"w":173,"h":83}
	}}