{"mc":{
	"selaDown":{
		"frameRate":25,
		"events":[
			
			],
		"frames":[
			
			{
			"res":"74BF84F7",
			"x":-50,
			"y":-720
			},
			{
			"res":"87780B80",
			"x":-50,
			"y":-694
			},
			{
			"res":"74BF84F7",
			"x":-50,
			"y":-668
			},
			{
			"res":"F60438CA",
			"x":-50,
			"y":-645
			},
			{
			"res":"1F519288",
			"x":-50,
			"y":-623
			},
			{
			"res":"C7FEE35D",
			"x":-50,
			"y":-603
			},
			{
			"res":"BFA48748",
			"x":-50,
			"y":-585
			},
			{
			"res":"1D3CF56A",
			"x":-50,
			"y":-569
			},
			{
			"res":"B38511B4",
			"x":-51,
			"y":-554
			},
			{
			"res":"B31F7FAB",
			"x":-52,
			"y":-541
			},
			{
			"res":"411535E8",
			"x":-54,
			"y":-530
			},
			{
			"res":"E5D9E03E",
			"x":-55,
			"y":-520
			},
			{
			"res":"89928CDD",
			"x":-56,
			"y":-525
			},
			{
			"res":"54178594",
			"x":-57,
			"y":-520
			},
			{
			"res":"F2C6E29D",
			"x":-58,
			"y":-518
			},
			{
			"res":"B58AA1C3",
			"x":-59,
			"y":-517
			},
			{
			"res":"469FEB10",
			"x":-59,
			"y":-517
			},
			{
			"res":"CB792F1D",
			"x":-59,
			"y":-517
			},
			{
			"res":"F3235CD",
			"x":-59,
			"y":-517
			},
			{
			"res":"E4732BE8",
			"x":-59,
			"y":-517,
			"duration":9
			},
			{
			"res":"F3235CD",
			"x":-59,
			"y":-517,
			"duration":25
			}
			]
}},
	"res":{
		"54178594":{"x":0,"y":520,"w":121,"h":519},
		"F60438CA":{"x":585,"y":525,"w":102,"h":523},
		"411535E8":{"x":0,"y":1041,"w":110,"h":521},
		"F3235CD":{"x":381,"y":0,"w":125,"h":517},
		"E4732BE8":{"x":127,"y":0,"w":125,"h":517},
		"1D3CF56A":{"x":480,"y":520,"w":103,"h":523},
		"B38511B4":{"x":238,"y":1041,"w":105,"h":522},
		"BFA48748":{"x":843,"y":0,"w":102,"h":523},
		"87780B80":{"x":345,"y":1042,"w":103,"h":523},
		"E5D9E03E":{"x":123,"y":1040,"w":113,"h":520},
		"CB792F1D":{"x":254,"y":0,"w":125,"h":517},
		"C7FEE35D":{"x":450,"y":1045,"w":102,"h":523},
		"74BF84F7":{"x":634,"y":0,"w":103,"h":523},
		"B31F7FAB":{"x":371,"y":519,"w":107,"h":521},
		"89928CDD":{"x":251,"y":519,"w":118,"h":520},
		"1F519288":{"x":739,"y":0,"w":102,"h":523},
		"B58AA1C3":{"x":508,"y":0,"w":124,"h":518},
		"F2C6E29D":{"x":127,"y":519,"w":122,"h":519},
		"469FEB10":{"x":0,"y":0,"w":125,"h":518}
	}}