{"mc":{
	"sela4":{
		"frameRate":25,
		"events":[
			
			],
		"frames":[
			
			{
			"res":"EAAEA9E9",
			"x":-58,
			"y":-42
			},
			{
			"res":"9545937E",
			"x":-58,
			"y":-42,
			"duration":4
			},
			{
			"res":"92C8557A",
			"x":-58,
			"y":-42
			},
			{
			"res":"A085AA25",
			"x":-58,
			"y":-42
			},
			{
			"res":"725A66E3",
			"x":-58,
			"y":-42
			},
			{
			"res":"704E8DAF",
			"x":-58,
			"y":-42
			},
			{
			"res":"EC711CA3",
			"x":-58,
			"y":-42
			},
			{
			"res":"CC66216E",
			"x":-58,
			"y":-42
			},
			{
			"res":"97F5643F",
			"x":-58,
			"y":-45
			},
			{
			"res":"11B62F62",
			"x":-58,
			"y":-48
			},
			{
			"res":"DD819C7D",
			"x":-58,
			"y":-50
			},
			{
			"res":"7287D848",
			"x":-58,
			"y":-54
			},
			{
			"res":"40306D45",
			"x":-58,
			"y":-57
			},
			{
			"res":"9F9F291A",
			"x":-58,
			"y":-60
			},
			{
			"res":"14D95BFC",
			"x":-58,
			"y":-64
			},
			{
			"res":"5BBE0C0B",
			"x":-58,
			"y":-67
			},
			{
			"res":"2686DADE",
			"x":-58,
			"y":-67
			},
			{
			"res":"605A4BAF",
			"x":-58,
			"y":-64
			},
			{
			"res":"6770ED57",
			"x":-58,
			"y":-63
			},
			{
			"res":"805B525A",
			"x":-58,
			"y":-63
			},
			{
			"res":"ECAE2E5B",
			"x":-58,
			"y":-61
			},
			{
			"res":"CAEEF420",
			"x":-58,
			"y":-57
			},
			{
			"res":"BC49C69F",
			"x":-58,
			"y":-54
			},
			{
			"res":"6F7F93C8",
			"x":-58,
			"y":-51
			},
			{
			"res":"3BD563D5",
			"x":-58,
			"y":-47
			},
			{
			"res":"E7FEC21E",
			"x":-58,
			"y":-44
			},
			{
			"res":"F32FCD53",
			"x":-58,
			"y":-43
			},
			{
			"res":"55690C72",
			"x":-58,
			"y":-43
			},
			{
			"res":"D047F0D8",
			"x":-58,
			"y":-43
			},
			{
			"res":"99E61028",
			"x":-58,
			"y":-43
			},
			{
			"res":"9F4F6961",
			"x":-58,
			"y":-43,
			"duration":3
			},
			{
			"res":"BE8541F9",
			"x":-67,
			"y":-86
			},
			{
			"res":"63CA2DD5",
			"x":-65,
			"y":-82
			},
			{
			"res":"37DE6354",
			"x":-63,
			"y":-77
			},
			{
			"res":"38ED550",
			"x":-62,
			"y":-73
			},
			{
			"res":"7C8E2338",
			"x":-60,
			"y":-68
			},
			{
			"res":"67C93907",
			"x":-60,
			"y":-63
			},
			{
			"res":"FEE7E13F",
			"x":-59,
			"y":-59
			},
			{
			"res":"820B376D",
			"x":-59,
			"y":-55
			},
			{
			"res":"79D4C9D7",
			"x":-59,
			"y":-51
			},
			{
			"res":"371059AC",
			"x":-59,
			"y":-49
			},
			{
			"res":"2C8E0273",
			"x":-58,
			"y":-85
			},
			{
			"res":"22A97E49",
			"x":-58,
			"y":-86
			},
			{
			"res":"E5BBD90B",
			"x":-58,
			"y":-88
			},
			{
			"res":"5ABF17EB",
			"x":-58,
			"y":-90
			},
			{
			"res":"99A87079",
			"x":-58,
			"y":-93
			},
			{
			"res":"B99ACDE4",
			"x":-58,
			"y":-96
			},
			{
			"res":"623525BA",
			"x":-58,
			"y":-98
			},
			{
			"res":"81A0492F",
			"x":-58,
			"y":-101
			},
			{
			"res":"BEE303C0",
			"x":-58,
			"y":-104
			},
			{
			"res":"9E376872",
			"x":-58,
			"y":-105
			},
			{
			"res":"35E07C16",
			"x":-58,
			"y":-107
			},
			{
			"res":"444A4FD7",
			"x":-58,
			"y":-108
			},
			{
			"res":"3EABB886",
			"x":-58,
			"y":-108
			},
			{
			"res":"DD06C1B3",
			"x":-58,
			"y":-108
			},
			{
			"res":"5E08526E",
			"x":-58,
			"y":-107
			},
			{
			"res":"43D33A1B",
			"x":-58,
			"y":-107
			},
			{
			"res":"BE5106A7",
			"x":-58,
			"y":-106
			},
			{
			"res":"4CD050F8",
			"x":-58,
			"y":-106
			},
			{
			"res":"1007CEA3",
			"x":-58,
			"y":-106
			},
			{
			"res":"30EA9190",
			"x":-58,
			"y":-106
			},
			{
			"res":"97466D86",
			"x":-58,
			"y":-106
			},
			{
			"res":"88FC49B3",
			"x":-58,
			"y":-106
			},
			{
			"res":"F3D3AD27",
			"x":-58,
			"y":-106
			},
			{
			"res":"17FDB28A",
			"x":-58,
			"y":-106
			},
			{
			"res":"43453214",
			"x":-58,
			"y":-106
			},
			{
			"res":"A5B9B734",
			"x":-58,
			"y":-106
			},
			{
			"res":"42216D5D",
			"x":-58,
			"y":-106
			},
			{
			"res":"9844230F",
			"x":-58,
			"y":-106
			},
			{
			"res":"19853E6",
			"x":-58,
			"y":-106,
			"duration":3
			},
			{
			"res":"6292795D",
			"x":-58,
			"y":-106,
			"duration":11
			},
			{
			"res":"726F79B3",
			"x":-58,
			"y":-106
			},
			{
			"res":"6292795D",
			"x":-58,
			"y":-106
			},
			{
			"res":"D9E29B55",
			"x":-58,
			"y":-106,
			"duration":2
			},
			{
			"res":"B981AFB8",
			"x":-58,
			"y":-106,
			"duration":2
			},
			{
			"res":"67C7C93A",
			"x":-58,
			"y":-106
			},
			{
			"res":"28CB1EF5",
			"x":-58,
			"y":-106
			},
			{
			"res":"2B8115B6",
			"x":-58,
			"y":-106
			},
			{
			"res":"1A678608",
			"x":-58,
			"y":-106
			},
			{
			"res":"F3EC6925",
			"x":-58,
			"y":-105
			},
			{
			"res":"2AE842D6",
			"x":-58,
			"y":-104
			},
			{
			"res":"3229C975",
			"x":-58,
			"y":-102
			},
			{
			"res":"847DAF55",
			"x":-58,
			"y":-100
			},
			{
			"res":"29ED6906",
			"x":-58,
			"y":-97
			},
			{
			"res":"7F9C3B53",
			"x":-58,
			"y":-94
			},
			{
			"res":"EEF7F90B",
			"x":-58,
			"y":-92
			},
			{
			"res":"A8EC2D4F",
			"x":-58,
			"y":-90
			},
			{
			"res":"B3E4CABD",
			"x":-58,
			"y":-88
			},
			{
			"res":"BB8465F1",
			"x":-58,
			"y":-86
			},
			{
			"res":"F8C6D996",
			"x":-58,
			"y":-85
			},
			{
			"res":"E45750F5",
			"x":-58,
			"y":-45
			},
			{
			"res":"26964512",
			"x":-58,
			"y":-45
			},
			{
			"res":"DF5E3278",
			"x":-58,
			"y":-45
			},
			{
			"res":"DCAA40CA",
			"x":-58,
			"y":-45
			},
			{
			"res":"3CCBEC98",
			"x":-58,
			"y":-45
			},
			{
			"res":"E7A2E17C",
			"x":-58,
			"y":-45
			},
			{
			"res":"4145059",
			"x":-58,
			"y":-45
			},
			{
			"res":"D15E26D6",
			"x":-58,
			"y":-45,
			"duration":8
			}
			]
}},
	"res":{
		"26964512":{"x":792,"y":338,"w":149,"h":46},
		"43453214":{"x":300,"y":546,"w":148,"h":107},
		"4145059":{"x":943,"y":290,"w":149,"h":46},
		"97466D86":{"x":0,"y":443,"w":148,"h":107},
		"40306D45":{"x":855,"y":801,"w":117,"h":58},
		"4CD050F8":{"x":0,"y":770,"w":148,"h":107},
		"DF5E3278":{"x":943,"y":457,"w":149,"h":46},
		"A8EC2D4F":{"x":450,"y":841,"w":153,"h":91},
		"30EA9190":{"x":150,"y":443,"w":148,"h":107},
		"DCAA40CA":{"x":792,"y":457,"w":149,"h":46},
		"9F9F291A":{"x":847,"y":738,"w":117,"h":61},
		"BE8541F9":{"x":939,"y":105,"w":126,"h":87},
		"88FC49B3":{"x":151,"y":328,"w":148,"h":107},
		"1A678608":{"x":300,"y":218,"w":148,"h":107},
		"E7FEC21E":{"x":988,"y":609,"w":117,"h":45},
		"EAAEA9E9":{"x":1094,"y":479,"w":117,"h":43},
		"14D95BFC":{"x":1114,"y":921,"w":117,"h":65},
		"43D33A1B":{"x":304,"y":0,"w":148,"h":108},
		"19853E6":{"x":300,"y":655,"w":148,"h":107},
		"EEF7F90B":{"x":617,"y":511,"w":154,"h":93},
		"5E08526E":{"x":150,"y":218,"w":148,"h":108},
		"42216D5D":{"x":0,"y":552,"w":148,"h":107},
		"9545937E":{"x":1205,"y":386,"w":117,"h":43},
		"2B8115B6":{"x":0,"y":661,"w":148,"h":107},
		"9E376872":{"x":151,"y":0,"w":151,"h":106},
		"63CA2DD5":{"x":605,"y":841,"w":124,"h":83},
		"725A66E3":{"x":1205,"y":659,"w":117,"h":43},
		"F3EC6925":{"x":607,"y":0,"w":148,"h":106},
		"9844230F":{"x":0,"y":879,"w":148,"h":107},
		"5BBE0C0B":{"x":755,"y":921,"w":117,"h":68},
		"BEE303C0":{"x":150,"y":111,"w":153,"h":105},
		"DD06C1B3":{"x":0,"y":222,"w":148,"h":109},
		"2686DADE":{"x":728,"y":741,"w":117,"h":68},
		"704E8DAF":{"x":1213,"y":431,"w":117,"h":43},
		"81A0492F":{"x":450,"y":219,"w":155,"h":102},
		"3EABB886":{"x":0,"y":111,"w":148,"h":109},
		"F32FCD53":{"x":1204,"y":794,"w":117,"h":44},
		"55690C72":{"x":1085,"y":656,"w":117,"h":44},
		"37DE6354":{"x":731,"y":841,"w":122,"h":78},
		"E7A2E17C":{"x":1051,"y":386,"w":149,"h":46},
		"623525BA":{"x":757,"y":0,"w":158,"h":99},
		"A5B9B734":{"x":150,"y":552,"w":148,"h":107},
		"605A4BAF":{"x":995,"y":921,"w":117,"h":65},
		"28CB1EF5":{"x":150,"y":661,"w":148,"h":107},
		"EC711CA3":{"x":1204,"y":614,"w":117,"h":43},
		"B99ACDE4":{"x":451,"y":323,"w":161,"h":97},
		"6292795D":{"x":150,"y":770,"w":148,"h":107},
		"D047F0D8":{"x":1204,"y":748,"w":117,"h":44},
		"BB8465F1":{"x":450,"y":934,"w":151,"h":87},
		"17FDB28A":{"x":150,"y":879,"w":148,"h":107},
		"99A87079":{"x":450,"y":545,"w":165,"h":94},
		"38ED550":{"x":305,"y":110,"w":121,"h":74},
		"29ED6906":{"x":600,"y":641,"w":148,"h":98},
		"6770ED57":{"x":750,"y":672,"w":117,"h":64},
		"CC66216E":{"x":1107,"y":569,"w":117,"h":43},
		"67C7C93A":{"x":300,"y":437,"w":148,"h":107},
		"5ABF17EB":{"x":780,"y":197,"w":169,"h":91},
		"E45750F5":{"x":900,"y":386,"w":149,"h":46},
		"805B525A":{"x":750,"y":606,"w":117,"h":64},
		"7C8E2338":{"x":607,"y":741,"w":119,"h":69},
		"847DAF55":{"x":450,"y":641,"w":148,"h":101},
		"7F9C3B53":{"x":450,"y":744,"w":155,"h":95},
		"97F5643F":{"x":1093,"y":338,"w":117,"h":46},
		"99E61028":{"x":1086,"y":702,"w":117,"h":44},
		"3CCBEC98":{"x":792,"y":290,"w":149,"h":46},
		"3229C975":{"x":917,"y":0,"w":148,"h":103},
		"820B376D":{"x":966,"y":861,"w":118,"h":56},
		"BE5106A7":{"x":301,"y":327,"w":148,"h":107},
		"ECAE2E5B":{"x":773,"y":511,"w":117,"h":62},
		"E5BBD90B":{"x":617,"y":304,"w":173,"h":89},
		"FEE7E13F":{"x":780,"y":395,"w":118,"h":60},
		"11B62F62":{"x":1085,"y":791,"w":117,"h":49},
		"726F79B3":{"x":450,"y":110,"w":148,"h":107},
		"F8C6D996":{"x":603,"y":934,"w":150,"h":86},
		"9F4F6961":{"x":1205,"y":840,"w":117,"h":44},
		"22A97E49":{"x":600,"y":422,"w":178,"h":87},
		"CAEEF420":{"x":951,"y":194,"w":117,"h":58},
		"D15E26D6":{"x":943,"y":338,"w":148,"h":46},
		"2AE842D6":{"x":607,"y":197,"w":148,"h":105},
		"3BD563D5":{"x":988,"y":559,"w":117,"h":48},
		"DD819C7D":{"x":966,"y":686,"w":117,"h":51},
		"B3E4CABD":{"x":785,"y":105,"w":152,"h":89},
		"92C8557A":{"x":1094,"y":434,"w":117,"h":43},
		"2C8E0273":{"x":600,"y":109,"w":183,"h":86},
		"371059AC":{"x":966,"y":739,"w":118,"h":50},
		"F3D3AD27":{"x":454,"y":0,"w":148,"h":107},
		"BC49C69F":{"x":869,"y":575,"w":117,"h":55},
		"444A4FD7":{"x":0,"y":0,"w":149,"h":109},
		"35E07C16":{"x":0,"y":333,"w":149,"h":108},
		"B981AFB8":{"x":300,"y":764,"w":148,"h":107},
		"7287D848":{"x":1086,"y":861,"w":117,"h":55},
		"79D4C9D7":{"x":974,"y":505,"w":118,"h":52},
		"A085AA25":{"x":1107,"y":524,"w":117,"h":43},
		"67C93907":{"x":874,"y":921,"w":119,"h":64},
		"D9E29B55":{"x":300,"y":873,"w":148,"h":107},
		"6F7F93C8":{"x":869,"y":632,"w":117,"h":52},
		"1007CEA3":{"x":450,"y":436,"w":148,"h":107}
	}}