{"mc":{
	"sela3":{
		"frameRate":25,
		"events":[
			
			],
		"frames":[
			
			{
			"res":"FF2C34ED",
			"x":-65,
			"y":-87
			},
			{
			"res":"280ABCED",
			"x":-65,
			"y":-86
			},
			{
			"res":"C37DED9",
			"x":-65,
			"y":-84
			},
			{
			"res":"DF87798",
			"x":-65,
			"y":-82
			},
			{
			"res":"582107B5",
			"x":-65,
			"y":-81
			},
			{
			"res":"FC27903E",
			"x":-65,
			"y":-81
			},
			{
			"res":"E5C05474",
			"x":-65,
			"y":-81
			},
			{
			"res":"1A20162C",
			"x":-65,
			"y":-81
			},
			{
			"res":"5F910BBF",
			"x":-65,
			"y":-81
			},
			{
			"res":"56AB5946",
			"x":-65,
			"y":-80
			},
			{
			"res":"FBBAF886",
			"x":-65,
			"y":-78
			},
			{
			"res":"436CC493",
			"x":-65,
			"y":-76
			},
			{
			"res":"DAD9D014",
			"x":-65,
			"y":-72
			},
			{
			"res":"F824B002",
			"x":-65,
			"y":-68
			},
			{
			"res":"FC4DFA56",
			"x":-65,
			"y":-64
			},
			{
			"res":"28E8F8F3",
			"x":-65,
			"y":-59
			},
			{
			"res":"EC9115C7",
			"x":-65,
			"y":-52
			},
			{
			"res":"88C397D3",
			"x":-65,
			"y":-46
			},
			{
			"res":"6360CC8C",
			"x":-65,
			"y":-38
			},
			{
			"res":"401E9D71",
			"x":-65,
			"y":-30
			},
			{
			"res":"1A37B2FB",
			"x":-65,
			"y":-21
			},
			{
			"res":"B5113D60",
			"x":-65,
			"y":-21
			},
			{
			"res":"72898E0A",
			"x":-65,
			"y":-21
			},
			{
			"res":"99A28DA8",
			"x":-66,
			"y":-21
			},
			{
			"res":"908A14D5",
			"x":-65,
			"y":-20
			},
			{
			"res":"43A20CBC",
			"x":-65,
			"y":-20
			},
			{
			"res":"43B125AB",
			"x":-65,
			"y":-19,
			"duration":4
			},
			{
			"res":"3485E42",
			"x":-63,
			"y":-19
			},
			{
			"res":"A3AF0775",
			"x":-62,
			"y":-19
			},
			{
			"res":"43B125AB",
			"x":-60,
			"y":-19
			},
			{
			"res":"3485E42",
			"x":-58,
			"y":-19
			},
			{
			"res":"F3ED34C3",
			"x":-56,
			"y":-19
			},
			{
			"res":"A3AF0775",
			"x":-56,
			"y":-19
			},
			{
			"res":"63808BD8",
			"x":-55,
			"y":-19,
			"duration":2
			},
			{
			"res":"43B125AB",
			"x":-53,
			"y":-19,
			"duration":2
			},
			{
			"res":"219B3E8E",
			"x":-52,
			"y":-111
			},
			{
			"res":"F1B2BFA5",
			"x":-52,
			"y":-111
			},
			{
			"res":"6B112C6D",
			"x":-52,
			"y":-109
			},
			{
			"res":"13D97787",
			"x":-52,
			"y":-107
			},
			{
			"res":"A38B50F1",
			"x":-52,
			"y":-103
			},
			{
			"res":"6B68F5B0",
			"x":-52,
			"y":-98
			},
			{
			"res":"8E215370",
			"x":-52,
			"y":-92
			},
			{
			"res":"4A85E2FC",
			"x":-52,
			"y":-89
			},
			{
			"res":"10846E3A",
			"x":-52,
			"y":-87
			},
			{
			"res":"693641A7",
			"x":-52,
			"y":-85
			},
			{
			"res":"EB484350",
			"x":-52,
			"y":-81
			},
			{
			"res":"216AEA11",
			"x":-52,
			"y":-78
			},
			{
			"res":"AA2CDFB6",
			"x":-52,
			"y":-74
			},
			{
			"res":"A659B5E0",
			"x":-52,
			"y":-89
			},
			{
			"res":"707DDF72",
			"x":-52,
			"y":-89
			},
			{
			"res":"E0A076CF",
			"x":-52,
			"y":-88
			},
			{
			"res":"6A611B7F",
			"x":-52,
			"y":-87
			},
			{
			"res":"699A64B9",
			"x":-52,
			"y":-85
			},
			{
			"res":"1815E12A",
			"x":-52,
			"y":-104
			},
			{
			"res":"A80BEABA",
			"x":-52,
			"y":-103
			},
			{
			"res":"F15D9DC9",
			"x":-52,
			"y":-101
			},
			{
			"res":"D3AB92B4",
			"x":-52,
			"y":-99
			},
			{
			"res":"F30CA58C",
			"x":-52,
			"y":-96
			},
			{
			"res":"78FC70C2",
			"x":-52,
			"y":-93
			},
			{
			"res":"1D4AB84F",
			"x":-52,
			"y":-89
			},
			{
			"res":"BF7227D",
			"x":-52,
			"y":-85
			},
			{
			"res":"DD797903",
			"x":-52,
			"y":-82
			},
			{
			"res":"2FF25101",
			"x":-52,
			"y":-80
			},
			{
			"res":"1E762859",
			"x":-52,
			"y":-76
			},
			{
			"res":"FB09514C",
			"x":-52,
			"y":-72
			},
			{
			"res":"7C3FBC49",
			"x":-52,
			"y":-67
			},
			{
			"res":"8F045BE1",
			"x":-52,
			"y":-63
			},
			{
			"res":"CB674783",
			"x":-52,
			"y":-57
			},
			{
			"res":"F1B3F5B7",
			"x":-52,
			"y":-52
			},
			{
			"res":"82D28306",
			"x":-52,
			"y":-46
			},
			{
			"res":"24487714",
			"x":-52,
			"y":-39
			},
			{
			"res":"F978808",
			"x":-52,
			"y":-37
			},
			{
			"res":"8760A0D0",
			"x":-52,
			"y":-120
			},
			{
			"res":"DB5CDE0E",
			"x":-52,
			"y":-120
			},
			{
			"res":"DBDE97BF",
			"x":-52,
			"y":-119
			},
			{
			"res":"8EE7731E",
			"x":-52,
			"y":-117
			},
			{
			"res":"1334BA32",
			"x":-52,
			"y":-115
			},
			{
			"res":"8FAD835D",
			"x":-52,
			"y":-112
			},
			{
			"res":"10E6F43E",
			"x":-52,
			"y":-109
			},
			{
			"res":"B0B5E4A5",
			"x":-52,
			"y":-104
			},
			{
			"res":"9B1CB93",
			"x":-52,
			"y":-99
			},
			{
			"res":"8B34139F",
			"x":-52,
			"y":-94
			},
			{
			"res":"9BC21599",
			"x":-52,
			"y":-100
			},
			{
			"res":"1FD12DA6",
			"x":-52,
			"y":-99
			},
			{
			"res":"14ED7284",
			"x":-52,
			"y":-99
			},
			{
			"res":"B6F0708A",
			"x":-52,
			"y":-98
			},
			{
			"res":"6C001E01",
			"x":-52,
			"y":-96
			},
			{
			"res":"BC774B0B",
			"x":-52,
			"y":-94
			},
			{
			"res":"5D52F529",
			"x":-52,
			"y":-92
			},
			{
			"res":"F3CE046",
			"x":-52,
			"y":-102
			},
			{
			"res":"544FA927",
			"x":-52,
			"y":-99
			},
			{
			"res":"6E92A072",
			"x":-52,
			"y":-97
			},
			{
			"res":"E8E3B1F6",
			"x":-52,
			"y":-94
			},
			{
			"res":"55065285",
			"x":-52,
			"y":-91
			},
			{
			"res":"B5C43F9C",
			"x":-52,
			"y":-89
			},
			{
			"res":"3DB30026",
			"x":-52,
			"y":-85
			},
			{
			"res":"31307DAC",
			"x":-52,
			"y":-81
			},
			{
			"res":"A0F1F040",
			"x":-52,
			"y":-77
			},
			{
			"res":"25B353EC",
			"x":-52,
			"y":-72
			},
			{
			"res":"9140231A",
			"x":-52,
			"y":-99
			},
			{
			"res":"83EB1751",
			"x":-52,
			"y":-98
			},
			{
			"res":"DE96CB8A",
			"x":-52,
			"y":-98
			},
			{
			"res":"81A3BD14",
			"x":-52,
			"y":-96
			},
			{
			"res":"AA963BCF",
			"x":-52,
			"y":-94
			},
			{
			"res":"48F36C4B",
			"x":-52,
			"y":-91
			},
			{
			"res":"F7C822B",
			"x":-52,
			"y":-88
			},
			{
			"res":"91377E23",
			"x":-52,
			"y":-84
			},
			{
			"res":"29B91B20",
			"x":-52,
			"y":-80
			},
			{
			"res":"CE5CC5CB",
			"x":-52,
			"y":-118
			},
			{
			"res":"E553E18B",
			"x":-52,
			"y":-118
			},
			{
			"res":"DFE9BAA8",
			"x":-52,
			"y":-117
			},
			{
			"res":"ADB1A4AD",
			"x":-52,
			"y":-115
			},
			{
			"res":"EC126EF5",
			"x":-52,
			"y":-112
			},
			{
			"res":"38A8D3",
			"x":-52,
			"y":-109
			},
			{
			"res":"B9838C6E",
			"x":-52,
			"y":-110
			},
			{
			"res":"7D142AE1",
			"x":-52,
			"y":-109
			},
			{
			"res":"FE61B416",
			"x":-52,
			"y":-107
			},
			{
			"res":"C12F3A06",
			"x":-52,
			"y":-105
			},
			{
			"res":"8576279B",
			"x":-52,
			"y":-103
			},
			{
			"res":"1547268A",
			"x":-52,
			"y":-101
			},
			{
			"res":"92993D28",
			"x":-52,
			"y":-99
			},
			{
			"res":"707DB3C",
			"x":-52,
			"y":-99
			},
			{
			"res":"6C4E219E",
			"x":-52,
			"y":-97
			},
			{
			"res":"52BC4765",
			"x":-52,
			"y":-96
			},
			{
			"res":"31EFE1F9",
			"x":-52,
			"y":-93
			},
			{
			"res":"2821D45D",
			"x":-52,
			"y":-91
			},
			{
			"res":"3E5E8C2B",
			"x":-52,
			"y":-87
			},
			{
			"res":"E6082112",
			"x":-52,
			"y":-84
			},
			{
			"res":"29CD0B6E",
			"x":-52,
			"y":-79
			},
			{
			"res":"19C34F11",
			"x":-52,
			"y":-75
			},
			{
			"res":"E7CFA8E2",
			"x":-52,
			"y":-69
			},
			{
			"res":"DB94A5BF",
			"x":-52,
			"y":-64
			},
			{
			"res":"70137BE3",
			"x":-52,
			"y":-105
			},
			{
			"res":"71FCA91A",
			"x":-52,
			"y":-104
			},
			{
			"res":"ECCBDCB",
			"x":-52,
			"y":-104
			},
			{
			"res":"2C6811E0",
			"x":-52,
			"y":-102
			},
			{
			"res":"6DEDFD73",
			"x":-52,
			"y":-100
			},
			{
			"res":"AA550480",
			"x":-52,
			"y":-97
			},
			{
			"res":"A1BE19DB",
			"x":-52,
			"y":-94
			},
			{
			"res":"7754745F",
			"x":-52,
			"y":-89
			},
			{
			"res":"C0C34CC8",
			"x":-52,
			"y":-85
			},
			{
			"res":"33EB5343",
			"x":-52,
			"y":-84
			},
			{
			"res":"6A15D83",
			"x":-52,
			"y":-84
			},
			{
			"res":"C85817E6",
			"x":-52,
			"y":-83
			},
			{
			"res":"4245F2BF",
			"x":-52,
			"y":-82
			},
			{
			"res":"A311EA70",
			"x":-52,
			"y":-98
			},
			{
			"res":"E1EC7508",
			"x":-52,
			"y":-97
			},
			{
			"res":"6B544DCB",
			"x":-52,
			"y":-95
			},
			{
			"res":"3D00B801",
			"x":-52,
			"y":-93
			},
			{
			"res":"4B0D47DE",
			"x":-52,
			"y":-111
			},
			{
			"res":"AE5CE4B9",
			"x":-52,
			"y":-108
			},
			{
			"res":"563B6001",
			"x":-52,
			"y":-104
			},
			{
			"res":"46CCC774",
			"x":-52,
			"y":-100
			},
			{
			"res":"5F726AEE",
			"x":-52,
			"y":-99
			},
			{
			"res":"7E82118F",
			"x":-52,
			"y":-98
			},
			{
			"res":"DE176DCB",
			"x":-52,
			"y":-96
			},
			{
			"res":"EE8CEA31",
			"x":-52,
			"y":-95
			},
			{
			"res":"F2911501",
			"x":-52,
			"y":-93
			},
			{
			"res":"19AF6EB3",
			"x":-52,
			"y":-90
			},
			{
			"res":"BEFD4B99",
			"x":-52,
			"y":-88
			},
			{
			"res":"E80C61F6",
			"x":-52,
			"y":-84
			},
			{
			"res":"8A6464E9",
			"x":-52,
			"y":-81
			},
			{
			"res":"D8BB354A",
			"x":-52,
			"y":-77
			},
			{
			"res":"B55D2A5",
			"x":-52,
			"y":-73
			},
			{
			"res":"7F38E68E",
			"x":-52,
			"y":-68
			},
			{
			"res":"736FA15B",
			"x":-52,
			"y":-64
			},
			{
			"res":"9A86C597",
			"x":-52,
			"y":-59
			},
			{
			"res":"C7FCADCA",
			"x":-52,
			"y":-53
			},
			{
			"res":"B28197F3",
			"x":-52,
			"y":-48
			},
			{
			"res":"68B6206C",
			"x":-52,
			"y":-42
			},
			{
			"res":"6C703A47",
			"x":-52,
			"y":-42
			}
			]
}},
	"res":{
		"24487714":{"x":1481,"y":886,"w":117,"h":40},
		"55065285":{"x":1005,"y":821,"w":117,"h":92},
		"DE176DCB":{"x":865,"y":605,"w":117,"h":97},
		"EB484350":{"x":1652,"y":87,"w":117,"h":82},
		"C37DED9":{"x":0,"y":177,"w":171,"h":84},
		"92993D28":{"x":1125,"y":0,"w":117,"h":100},
		"216AEA11":{"x":1362,"y":848,"w":117,"h":79},
		"3DB30026":{"x":1601,"y":0,"w":117,"h":85},
		"1547268A":{"x":886,"y":330,"w":117,"h":102},
		"EE8CEA31":{"x":767,"y":819,"w":117,"h":96},
		"280ABCED":{"x":0,"y":89,"w":171,"h":86},
		"7E82118F":{"x":529,"y":757,"w":117,"h":99},
		"693641A7":{"x":1243,"y":784,"w":117,"h":85},
		"82D28306":{"x":165,"y":974,"w":117,"h":47},
		"46CCC774":{"x":766,"y":214,"w":117,"h":101},
		"5F726AEE":{"x":1006,"y":0,"w":117,"h":100},
		"FF2C34ED":{"x":0,"y":0,"w":171,"h":87},
		"C12F3A06":{"x":291,"y":915,"w":117,"h":106},
		"B5C43F9C":{"x":1124,"y":693,"w":117,"h":89},
		"10846E3A":{"x":1341,"y":483,"w":117,"h":88},
		"F1B3F5B7":{"x":1817,"y":497,"w":117,"h":53},
		"AE5CE4B9":{"x":409,"y":361,"w":117,"h":109},
		"563B6001":{"x":528,"y":339,"w":117,"h":105},
		"7D142AE1":{"x":172,"y":862,"w":117,"h":110},
		"4A85E2FC":{"x":1414,"y":96,"w":117,"h":90},
		"B9838C6E":{"x":290,"y":468,"w":117,"h":111},
		"8E215370":{"x":1124,"y":401,"w":117,"h":92},
		"8576279B":{"x":700,"y":108,"w":117,"h":104},
		"4B0D47DE":{"x":462,"y":115,"w":117,"h":112},
		"FE61B416":{"x":528,"y":229,"w":117,"h":108},
		"CB674783":{"x":1838,"y":438,"w":117,"h":57},
		"6B68F5B0":{"x":648,"y":920,"w":117,"h":98},
		"3D00B801":{"x":1124,"y":305,"w":117,"h":94},
		"EC126EF5":{"x":411,"y":0,"w":117,"h":113},
		"38A8D3":{"x":291,"y":581,"w":117,"h":110},
		"E8E3B1F6":{"x":1005,"y":433,"w":117,"h":95},
		"A38B50F1":{"x":410,"y":871,"w":117,"h":104},
		"ADB1A4AD":{"x":409,"y":243,"w":117,"h":116},
		"E1EC7508":{"x":767,"y":434,"w":117,"h":98},
		"13D97787":{"x":581,"y":114,"w":117,"h":108},
		"DFE9BAA8":{"x":290,"y":243,"w":117,"h":117},
		"6B544DCB":{"x":886,"y":704,"w":117,"h":96},
		"6B112C6D":{"x":291,"y":804,"w":117,"h":109},
		"8F045BE1":{"x":1719,"y":391,"w":117,"h":64},
		"6E92A072":{"x":746,"y":620,"w":117,"h":98},
		"F1B2BFA5":{"x":530,"y":0,"w":117,"h":112},
		"7C3FBC49":{"x":1885,"y":253,"w":117,"h":67},
		"4245F2BF":{"x":1528,"y":276,"w":117,"h":83},
		"544FA927":{"x":938,"y":102,"w":117,"h":100},
		"A311EA70":{"x":1244,"y":0,"w":117,"h":99},
		"9A86C597":{"x":529,"y":959,"w":117,"h":60},
		"FB09514C":{"x":1647,"y":264,"w":117,"h":73},
		"219B3E8E":{"x":172,"y":749,"w":117,"h":111},
		"C85817E6":{"x":1460,"y":482,"w":117,"h":84},
		"E553E18B":{"x":0,"y":470,"w":117,"h":118},
		"908A14D5":{"x":1766,"y":614,"w":116,"h":20},
		"F3CE046":{"x":648,"y":330,"w":117,"h":102},
		"91377E23":{"x":1481,"y":378,"w":117,"h":84},
		"6A15D83":{"x":1362,"y":679,"w":117,"h":85},
		"CE5CC5CB":{"x":173,"y":122,"w":117,"h":119},
		"99A28DA8":{"x":1647,"y":564,"w":117,"h":21},
		"C0C34CC8":{"x":1481,"y":188,"w":117,"h":86},
		"43A20CBC":{"x":1579,"y":541,"w":117,"h":21},
		"33EB5343":{"x":1243,"y":871,"w":117,"h":85},
		"29B91B20":{"x":1362,"y":766,"w":117,"h":80},
		"72898E0A":{"x":886,"y":996,"w":117,"h":21},
		"7754745F":{"x":1243,"y":693,"w":117,"h":89},
		"F7C822B":{"x":1243,"y":392,"w":117,"h":89},
		"5D52F529":{"x":1005,"y":915,"w":117,"h":92},
		"B5113D60":{"x":1004,"y":306,"w":117,"h":21},
		"A1BE19DB":{"x":886,"y":899,"w":117,"h":95},
		"63808BD8":{"x":1766,"y":592,"w":117,"h":20},
		"DD797903":{"x":1600,"y":179,"w":117,"h":83},
		"BC774B0B":{"x":1363,"y":0,"w":117,"h":94},
		"1A37B2FB":{"x":238,"y":362,"w":117,"h":21},
		"BF7227D":{"x":1533,"y":92,"w":117,"h":85},
		"AA550480":{"x":648,"y":820,"w":117,"h":98},
		"401E9D71":{"x":1647,"y":587,"w":117,"h":21},
		"2FF25101":{"x":1890,"y":87,"w":117,"h":81},
		"1E762859":{"x":1481,"y":660,"w":117,"h":77},
		"48F36C4B":{"x":1290,"y":299,"w":117,"h":91},
		"6360CC8C":{"x":1647,"y":610,"w":117,"h":20},
		"6C001E01":{"x":984,"y":533,"w":117,"h":96},
		"AA963BCF":{"x":1103,"y":530,"w":117,"h":94},
		"F3ED34C3":{"x":1647,"y":632,"w":116,"h":20},
		"1D4AB84F":{"x":1124,"y":875,"w":117,"h":89},
		"88C397D3":{"x":1885,"y":322,"w":161,"h":47},
		"6DEDFD73":{"x":1005,"y":330,"w":117,"h":101},
		"B6F0708A":{"x":648,"y":520,"w":117,"h":98},
		"F30CA58C":{"x":886,"y":434,"w":117,"h":97},
		"2C6811E0":{"x":768,"y":0,"w":117,"h":103},
		"78FC70C2":{"x":1295,"y":101,"w":117,"h":94},
		"EC9115C7":{"x":1124,"y":966,"w":162,"h":53},
		"ECCBDCB":{"x":647,"y":224,"w":117,"h":104},
		"81A3BD14":{"x":767,"y":720,"w":117,"h":97},
		"A3AF0775":{"x":1885,"y":614,"w":117,"h":20},
		"28E8F8F3":{"x":0,"y":959,"w":163,"h":59},
		"71FCA91A":{"x":410,"y":764,"w":117,"h":105},
		"6C703A47":{"x":292,"y":198,"w":117,"h":43},
		"D3AB92B4":{"x":529,"y":656,"w":117,"h":99},
		"FC4DFA56":{"x":1124,"y":626,"w":164,"h":65},
		"14ED7284":{"x":885,"y":207,"w":117,"h":100},
		"3485E42":{"x":1647,"y":339,"w":117,"h":20},
		"DE96CB8A":{"x":1123,"y":204,"w":117,"h":99},
		"70137BE3":{"x":649,"y":0,"w":117,"h":106},
		"A80BEABA":{"x":529,"y":550,"w":117,"h":104},
		"F15D9DC9":{"x":767,"y":330,"w":117,"h":102},
		"B28197F3":{"x":1698,"y":513,"w":117,"h":49},
		"1FD12DA6":{"x":887,"y":0,"w":117,"h":100},
		"68B6206C":{"x":410,"y":977,"w":117,"h":43},
		"DAD9D014":{"x":578,"y":446,"w":166,"h":72},
		"F824B002":{"x":767,"y":534,"w":165,"h":69},
		"C7FCADCA":{"x":1698,"y":457,"w":117,"h":54},
		"699A64B9":{"x":1839,"y":0,"w":117,"h":85},
		"1815E12A":{"x":410,"y":657,"w":117,"h":105},
		"436CC493":{"x":409,"y":472,"w":167,"h":76},
		"9BC21599":{"x":1004,"y":204,"w":117,"h":100},
		"8B34139F":{"x":886,"y":802,"w":117,"h":95},
		"83EB1751":{"x":1176,"y":102,"w":117,"h":99},
		"736FA15B":{"x":1766,"y":324,"w":117,"h":65},
		"E7CFA8E2":{"x":1481,"y":814,"w":117,"h":70},
		"9B1CB93":{"x":1057,"y":102,"w":117,"h":100},
		"DB94A5BF":{"x":1885,"y":371,"w":117,"h":65},
		"FBBAF886":{"x":292,"y":117,"w":168,"h":79},
		"19C34F11":{"x":1528,"y":568,"w":117,"h":76},
		"43B125AB":{"x":1885,"y":592,"w":117,"h":20},
		"9140231A":{"x":819,"y":105,"w":117,"h":100},
		"B0B5E4A5":{"x":410,"y":550,"w":117,"h":105},
		"7F38E68E":{"x":1766,"y":253,"w":117,"h":69},
		"10E6F43E":{"x":291,"y":693,"w":117,"h":109},
		"6A611B7F":{"x":1362,"y":392,"w":117,"h":88},
		"29CD0B6E":{"x":1719,"y":171,"w":117,"h":80},
		"5F910BBF":{"x":119,"y":470,"w":169,"h":81},
		"56AB5946":{"x":119,"y":553,"w":168,"h":80},
		"E6082112":{"x":1409,"y":573,"w":117,"h":85},
		"25B353EC":{"x":1481,"y":739,"w":117,"h":73},
		"D8BB354A":{"x":1362,"y":929,"w":117,"h":78},
		"1A20162C":{"x":173,"y":385,"w":169,"h":81},
		"8FAD835D":{"x":172,"y":635,"w":117,"h":112},
		"1334BA32":{"x":292,"y":0,"w":117,"h":115},
		"E0A076CF":{"x":1290,"y":588,"w":117,"h":89},
		"8A6464E9":{"x":1771,"y":87,"w":117,"h":82},
		"E80C61F6":{"x":1720,"y":0,"w":117,"h":85},
		"8EE7731E":{"x":0,"y":590,"w":117,"h":118},
		"E5C05474":{"x":0,"y":876,"w":170,"h":81},
		"3E5E8C2B":{"x":1409,"y":289,"w":117,"h":87},
		"BEFD4B99":{"x":1124,"y":784,"w":117,"h":89},
		"31EFE1F9":{"x":1005,"y":631,"w":117,"h":94},
		"707DDF72":{"x":1482,"y":0,"w":117,"h":90},
		"2821D45D":{"x":1005,"y":727,"w":117,"h":92},
		"DBDE97BF":{"x":119,"y":263,"w":117,"h":120},
		"FC27903E":{"x":0,"y":793,"w":170,"h":81},
		"52BC4765":{"x":767,"y":917,"w":117,"h":96},
		"A659B5E0":{"x":1361,"y":197,"w":117,"h":90},
		"A0F1F040":{"x":1481,"y":929,"w":117,"h":77},
		"19AF6EB3":{"x":1222,"y":495,"w":117,"h":91},
		"DB5CDE0E":{"x":173,"y":0,"w":117,"h":120},
		"AA2CDFB6":{"x":1579,"y":464,"w":117,"h":75},
		"582107B5":{"x":0,"y":710,"w":170,"h":81},
		"8760A0D0":{"x":0,"y":263,"w":117,"h":121},
		"31307DAC":{"x":1890,"y":170,"w":117,"h":81},
		"6C4E219E":{"x":648,"y":720,"w":117,"h":98},
		"B55D2A5":{"x":1600,"y":361,"w":117,"h":74},
		"F2911501":{"x":1242,"y":203,"w":117,"h":94},
		"DF87798":{"x":0,"y":386,"w":171,"h":82},
		"707DB3C":{"x":529,"y":858,"w":117,"h":99},
		"F978808":{"x":1817,"y":552,"w":117,"h":38}
	}}