{"mc":{
	"yimian1_1":{
		"frameRate":24,
		"events":[
			
			],
		"frames":[
			
			{
			"res":"17AD2D49",
			"x":-72,
			"y":-125
			},
			{
			"res":"DDBAF6C8",
			"x":-72,
			"y":-124
			},
			{
			"res":"97A6D3A8",
			"x":-72,
			"y":-124
			},
			{
			"res":"AD3D6F62",
			"x":-72,
			"y":-123
			},
			{
			"res":"D8BB5EC3",
			"x":-72,
			"y":-123
			},
			{
			"res":"8DB01B2A",
			"x":-72,
			"y":-122
			},
			{
			"res":"E183E26F",
			"x":-72,
			"y":-122
			},
			{
			"res":"66E1EB90",
			"x":-72,
			"y":-121
			},
			{
			"res":"F090DFC7",
			"x":-72,
			"y":-121
			},
			{
			"res":"982BCA03",
			"x":-72,
			"y":-121
			},
			{
			"res":"793AB542",
			"x":-72,
			"y":-122
			},
			{
			"res":"8B930FEF",
			"x":-72,
			"y":-122
			},
			{
			"res":"6DA5392A",
			"x":-72,
			"y":-123
			},
			{
			"res":"B4E05975",
			"x":-72,
			"y":-123
			},
			{
			"res":"85840C64",
			"x":-72,
			"y":-124
			},
			{
			"res":"48CA9302",
			"x":-72,
			"y":-124
			},
			{
			"res":"F7CFF900",
			"x":-72,
			"y":-125
			}
			]
}},
	"res":{
		"66E1EB90":{"x":831,"y":125,"w":164,"h":122},
		"E183E26F":{"x":665,"y":1,"w":164,"h":123},
		"793AB542":{"x":333,"y":253,"w":164,"h":123},
		"8DB01B2A":{"x":499,"y":1,"w":164,"h":123},
		"F090DFC7":{"x":499,"y":249,"w":164,"h":122},
		"6DA5392A":{"x":333,"y":127,"w":164,"h":124},
		"17AD2D49":{"x":1,"y":1,"w":164,"h":126},
		"F7CFF900":{"x":1,"y":129,"w":164,"h":126},
		"D8BB5EC3":{"x":167,"y":381,"w":164,"h":124},
		"B4E05975":{"x":333,"y":1,"w":164,"h":124},
		"48CA9302":{"x":1,"y":257,"w":164,"h":125},
		"982BCA03":{"x":831,"y":1,"w":164,"h":122},
		"AD3D6F62":{"x":167,"y":255,"w":164,"h":124},
		"DDBAF6C8":{"x":1,"y":384,"w":164,"h":125},
		"8B930FEF":{"x":333,"y":378,"w":164,"h":123},
		"85840C64":{"x":167,"y":1,"w":164,"h":125},
		"97A6D3A8":{"x":167,"y":128,"w":164,"h":125}
	}}